samplingdate,geo,population,ab_target,interpretation,seroprev_est,seroprev_lo95,seroprev_hi95,sero_denom,project,miss_denom,adjust_assay,adjust_pop
6/14/2020,CND,Q1 (least deprived),N,infection-induced,0.66,0.54,0.79,19633,CBS,0,1,1
6/14/2020,CND,Q5 (most deprived),N,infection-induced,0.8,0.58,1.03,6109,CBS,0,1,1
6/14/2020,CND,racialized,N,infection-induced,1.09,0.84,1.34,10695,CBS,0,1,1
6/14/2020,CND,white,N,infection-induced,0.66,0.59,0.74,52852,CBS,0,1,1
10/21/2020,CND,Q1 (least deprived),N,infection-induced,0.53,0.29,0.77,4043,CBS,0,1,1
10/21/2020,CND,Q5 (most deprived),N,infection-induced,0.84,0.31,1.35,1520,CBS,0,1,1
10/21/2020,CND,racialized,N,infection-induced,1.82,1.21,2.62,2291,CBS,0,1,1
10/21/2020,CND,white,N,infection-induced,0.75,0.61,0.92,12893,CBS,0,1,1
11/16/2020,CND,Q1 (least deprived),N,infection-induced,1.11,0.77,1.45,3900,CBS,0,1,1
11/16/2020,CND,Q5 (most deprived),N,infection-induced,2.43,1.58,3.28,1575,CBS,0,1,1
11/16/2020,CND,racialized,N,infection-induced,2.08,1.52,2.64,2501,CBS,0,1,1
11/16/2020,CND,white,N,infection-induced,1.35,1.13,1.57,12806,CBS,0,1,1
12/16/2020,CND,Q1 (least deprived),N,infection-induced,0.79,0.52,1.06,5246,CBS,0,1,1
12/16/2020,CND,Q5 (most deprived),N,infection-induced,2.3,1.53,3.07,1526,CBS,0,1,1
12/16/2020,CND,racialized,N,infection-induced,2.19,1.4,2.98,2707,CBS,0,1,1
12/16/2020,CND,white,N,infection-induced,1.16,0.97,1.35,14289,CBS,0,1,1
1/14/2021,CND,Q1 (least deprived),N,infection-induced,1.53,1.26,1.81,8864,CBS,0,1,1
1/14/2021,CND,Q1 (least deprived),N,infection-induced,1.17,0.93,1.41,9278,CBS,0,1,1
1/14/2021,CND,Q1 (least deprived),S,induced by either,2.24,1.89,2.59,8864,CBS,0,1,1
1/14/2021,CND,Q5 (most deprived),N,infection-induced,4.04,3.28,4.8,2730,CBS,0,1,1
1/14/2021,CND,Q5 (most deprived),N,infection-induced,3.52,2.8,4.23,2592,CBS,0,1,1
1/14/2021,CND,Q5 (most deprived),S,induced by either,4.1,3.31,4.89,2592,CBS,0,1,1
1/14/2021,CND,racialized,N,infection-induced,3.37,2.84,3.91,4974,CBS,0,1,1
1/14/2021,CND,racialized,N,infection-induced,4.08,3.48,4.68,4728,CBS,0,1,1
1/14/2021,CND,racialized,S,induced by either,3.63,3.08,4.19,4728,CBS,0,1,1
1/14/2021,CND,white,N,infection-induced,1.66,1.49,1.82,25983,CBS,0,1,1
1/14/2021,CND,white,N,infection-induced,1.94,1.76,2.12,24857,CBS,0,1,1
1/14/2021,CND,white,S,induced by either,2.48,2.27,2.69,24857,CBS,0,1,1
3/6/2021,CND,Q1 (least deprived),N,infection-induced,2.38,1.91,2.85,4397,CBS,0,1,1
3/6/2021,CND,Q1 (least deprived),S,induced by either,9.38,8.49,10.27,4397,CBS,0,1,1
3/6/2021,CND,Q1 (least deprived),"S, no N",vaccine-induced,7.12,6.33,7.92,4285,CBS,0,1,1
3/6/2021,CND,Q5 (most deprived),N,infection-induced,3.12,2.45,3.8,2715,CBS,0,1,1
3/6/2021,CND,Q5 (most deprived),S,induced by either,10.41,9.23,11.59,2715,CBS,0,1,1
3/6/2021,CND,Q5 (most deprived),"S, no N",vaccine-induced,7.46,6.42,8.5,2633,CBS,0,1,1
3/6/2021,CND,racialized,N,infection-induced,4.98,4.18,5.91,2572,CBS,0,1,1
3/6/2021,CND,racialized,S,induced by either,11.78,10.71,13.28,2572,CBS,0,1,1
3/6/2021,CND,racialized,"S, no N",vaccine-induced,7.13,6.19,8.33,2438,CBS,0,1,1
3/6/2021,CND,white,N,infection-induced,2.84,2.54,3.14,12584,CBS,0,1,1
3/6/2021,CND,white,S,induced by either,9.47,8.94,10,12584,CBS,0,1,1
3/6/2021,CND,white,"S, no N",vaccine-induced,6.76,6.29,7.22,12202,CBS,0,1,1
4/21/2021,CND,Q1 (least deprived),N,infection-induced,2.7,2.22,3.18,4717,CBS,0,1,1
4/21/2021,CND,Q1 (least deprived),S,induced by either,29.61,28.29,30.94,4717,CBS,0,1,1
4/21/2021,CND,Q1 (least deprived),"S, no N",vaccine-induced,26.86,25.58,28.15,4717,CBS,0,1,1
4/21/2021,CND,Q2,N,infection-induced,2.68,2.13,3.23,3646,CBS,0,1,1
4/21/2021,CND,Q2,S,induced by either,27.1,25.63,28.57,3646,CBS,0,1,1
4/21/2021,CND,Q2,"S, no N",vaccine-induced,24.42,23,25.84,3646,CBS,0,1,1
4/21/2021,CND,Q3,N,infection-induced,3.3,2.63,3.96,2981,CBS,0,1,1
4/21/2021,CND,Q3,S,induced by either,25.97,24.37,27.58,2981,CBS,0,1,1
4/21/2021,CND,Q3,"S, no N",vaccine-induced,22.54,21.01,24.07,2981,CBS,0,1,1
4/21/2021,CND,Q4,N,infection-induced,3.75,2.94,4.55,2302,CBS,0,1,1
4/21/2021,CND,Q4,S,induced by either,24.64,22.83,26.44,2302,CBS,0,1,1
4/21/2021,CND,Q4,"S, no N",vaccine-induced,20.83,19.13,22.53,2302,CBS,0,1,1
4/21/2021,CND,Q5 (most deprived),N,infection-induced,4.58,3.48,5.67,1403,CBS,0,1,1
4/21/2021,CND,Q5 (most deprived),S,induced by either,25.53,23.26,27.81,1403,CBS,0,1,1
4/21/2021,CND,Q5 (most deprived),"S, no N",vaccine-induced,20.91,18.79,23.03,1403,CBS,0,1,1
4/21/2021,CND,racialized,N,infection-induced,5.28,4.44,6.11,1403,CBS,0,1,1
4/21/2021,CND,racialized,S,induced by either,23.23,21.66,24.8,2670,CBS,0,1,1
4/21/2021,CND,racialized,"S, no N",vaccine-induced,17.88,16.45,19.31,2670,CBS,0,1,1
4/21/2021,CND,white,N,infection-induced,2.81,2.51,3.11,12765,CBS,0,1,1
4/21/2021,CND,white,S,induced by either,27.88,27.09,28.68,12765,CBS,0,1,1
4/21/2021,CND,white,"S, no N",vaccine-induced,25.02,24.25,25.8,12765,CBS,0,1,1
5/28/2021,CND,Q1 (least deprived),N,infection-induced,3.08,2.56,3.61,4413,CBS,0,1,1
5/28/2021,CND,Q1 (least deprived),S,induced by either,67.96,66.56,69.36,4413,CBS,0,1,1
5/28/2021,CND,Q1 (least deprived),"S, no N",vaccine-induced,64.79,63.36,66.22,4413,CBS,0,1,1
5/28/2021,CND,Q2,N,infection-induced,3.35,2.75,3.95,3733,CBS,0,1,1
5/28/2021,CND,Q2,S,induced by either,64.96,66.56,69.36,3733,CBS,0,1,1
5/28/2021,CND,Q2,"S, no N",vaccine-induced,64.79,63.36,66.22,3733,CBS,0,1,1
5/28/2021,CND,Q3,N,infection-induced,3.67,2.97,4.36,3024,CBS,0,1,1
5/28/2021,CND,Q3,S,induced by either,61.69,59.91,63.48,3024,CBS,0,1,1
5/28/2021,CND,Q3,"S, no N",vaccine-induced,57.94,56.13,59.75,3024,CBS,0,1,1
5/28/2021,CND,Q4,N,infection-induced,4.75,3.89,5.61,2493,CBS,0,1,1
5/28/2021,CND,Q4,S,induced by either,60.45,58.48,62.41,2493,CBS,0,1,1
5/28/2021,CND,Q4,"S, no N",vaccine-induced,55.69,53.7,57.68,2493,CBS,0,1,1
5/28/2021,CND,Q5 (most deprived),N,infection-induced,5.65,4.47,6.84,1459,CBS,0,1,1
5/28/2021,CND,Q5 (most deprived),S,induced by either,62.27,59.79,64.75,1459,CBS,0,1,1
5/28/2021,CND,Q5 (most deprived),"S, no N",vaccine-induced,56.57,54.04,59.1,1459,CBS,0,1,1
5/28/2021,CND,racialized,N,infection-induced,7.39,6.45,8.33,2926,CBS,0,1,1
5/28/2021,CND,racialized,S,induced by either,56.22,54.43,58.01,2926,CBS,0,1,1
5/28/2021,CND,racialized,"S, no N",vaccine-induced,48.86,47.05,50.66,2926,CBS,0,1,1
5/28/2021,CND,white,N,infection-induced,3.25,2.92,3.57,12464,CBS,0,1,1
5/28/2021,CND,white,S,induced by either,65.13,64.27,65.99,12464,CBS,0,1,1
5/28/2021,CND,white,"S, no N",vaccine-induced,61.81,60.94,62.68,12464,CBS,0,1,1
6/21/2021,CND,Q1 (least deprived),N,infection-induced,4.26,3.66,4.87,4474,CBS,0,1,1
6/21/2021,CND,Q1 (least deprived),S,induced by either,93.68,92.9,94.46,4474,CBS,0,1,1
6/21/2021,CND,Q1 (least deprived),"S, no N",vaccine-induced,89.23,88.28,90.19,4474,CBS,0,1,1
6/21/2021,CND,Q2,N,infection-induced,4.31,3.63,5,3568,CBS,0,1,1
6/21/2021,CND,Q2,S,induced by either,92.47,91.53,93.4,3568,CBS,0,1,1
6/21/2021,CND,Q2,"S, no N",vaccine-induced,87.91,86.78,89.04,3568,CBS,0,1,1
6/21/2021,CND,Q3,N,infection-induced,3.07,2.44,3.71,3038,CBS,0,1,1
6/21/2021,CND,Q3,S,induced by either,89.81,88.67,90.94,3038,CBS,0,1,1
6/21/2021,CND,Q3,"S, no N",vaccine-induced,86.52,85.25,87.78,3038,CBS,0,1,1
6/21/2021,CND,Q4,N,infection-induced,4.66,3.8,5.52,2403,CBS,0,1,1
6/21/2021,CND,Q4,S,induced by either,87.11,85.72,88.51,2403,CBS,0,1,1
6/21/2021,CND,Q4,"S, no N",vaccine-induced,82.21,80.63,83.79,2403,CBS,0,1,1
6/21/2021,CND,Q5 (most deprived),N,infection-induced,6.95,5.62,8.27,1422,CBS,0,1,1
6/21/2021,CND,Q5 (most deprived),S,induced by either,88.33,86.6,90.06,1422,CBS,0,1,1
6/21/2021,CND,Q5 (most deprived),"S, no N",vaccine-induced,81.11,79.04,83.19,1422,CBS,0,1,1
6/21/2021,CND,racialized,N,infection-induced,7.95,6.95,8.95,2779,CBS,0,1,1
6/21/2021,CND,racialized,S,induced by either,91.37,90.27,92.47,2779,CBS,0,1,1
6/21/2021,CND,racialized,"S, no N",vaccine-induced,83.14,81.72,84.56,2779,CBS,0,1,1
6/21/2021,CND,white,N,infection-induced,3.72,3.38,4.06,12602,CBS,0,1,1
6/21/2021,CND,white,S,induced by either,90.81,90.27,91.35,12602,CBS,0,1,1
6/21/2021,CND,white,"S, no N",vaccine-induced,86.87,86.26,87.49,12602,CBS,0,1,1
7/18/2021,CND,Q1 (least deprived),N,infection-induced,3.87,3.02,4.71,2136,CBS,0,1,1
7/18/2021,CND,Q1 (least deprived),S,induced by either,94.69,94.16,95.22,2136,CBS,0,1,1
7/18/2021,CND,Q2,N,infection-induced,3.59,2.73,4.45,1845,CBS,0,1,1
7/18/2021,CND,Q2,S,induced by either,96.72,95.82,97.61,1845,CBS,0,1,1
7/18/2021,CND,Q3,N,infection-induced,3.03,2.16,3.89,1558,CBS,0,1,1
7/18/2021,CND,Q3,S,induced by either,94.44,93.31,95.58,1558,CBS,0,1,1
7/18/2021,CND,Q4,N,infection-induced,5.72,4.36,7.08,1170,CBS,0,1,1
7/18/2021,CND,Q4,S,induced by either,95.36,94.21,96.52,1170,CBS,0,1,1
7/18/2021,CND,Q5 (most deprived),N,infection-induced,4.62,3.03,6.22,732,CBS,0,1,1
7/18/2021,CND,Q5 (most deprived),S,induced by either,92.94,90.89,95,732,CBS,0,1,1
7/18/2021,CND,racialized,N,infection-induced,7.29,5.95,8.63,1433,CBS,0,1,1
7/18/2021,CND,racialized,S,induced by either,93.82,92.48,95.15,1433,CBS,0,1,1
7/18/2021,CND,white,N,infection-induced,3.33,2.87,3.78,6328,CBS,0,1,1
7/18/2021,CND,white,S,induced by either,95.04,94.44,95.64,6328,CBS,0,1,1
7/18/2021,CND,Q1 (least deprived),"S, no N",vaccine-induced,90.82,90.29,91.35,,CBS,0,1,1
7/18/2021,CND,Q2,"S, no N",vaccine-induced,93.13,92.23,94.02,,CBS,0,1,1
7/18/2021,CND,Q3,"S, no N",vaccine-induced,91.41,90.28,92.55,,CBS,0,1,1
7/18/2021,CND,Q4,"S, no N",vaccine-induced,89.64,88.49,90.8,,CBS,0,1,1
7/18/2021,CND,Q5 (most deprived),"S, no N",vaccine-induced,88.32,86.27,90.38,,CBS,0,1,1
7/18/2021,CND,racialized,"S, no N",vaccine-induced,86.53,85.19,87.86,,CBS,0,1,1
7/18/2021,CND,white,"S, no N",vaccine-induced,91.71,91.11,92.31,,CBS,0,1,1
8/20/2021,CND,Q1 (least deprived),N,infection-induced,3.27,2.52,4.02,2433,CBS,0,1,1
8/20/2021,CND,Q1 (least deprived),S,induced by either,98.25,97.56,98.95,2433,CBS,0,1,1
8/20/2021,CND,Q2,N,infection-induced,3.59,2.77,4.42,2065,CBS,0,1,1
8/20/2021,CND,Q2,S,induced by either,96.45,95.53,97.38,2065,CBS,0,1,1
8/20/2021,CND,Q3,N,infection-induced,2.94,2.1,3.78,1627,CBS,0,1,1
8/20/2021,CND,Q3,S,induced by either,94.67,93.48,95.87,1627,CBS,0,1,1
8/20/2021,CND,Q4,N,infection-induced,6.35,4.98,7.72,1240,CBS,0,1,1
8/20/2021,CND,Q4,S,induced by either,96.61,95.45,97.77,1240,CBS,0,1,1
8/20/2021,CND,Q5 (most deprived),N,infection-induced,4.18,3.15,5.21,680,CBS,0,1,1
8/20/2021,CND,Q5 (most deprived),S,induced by either,93.41,91.45,95.37,680,CBS,0,1,1
8/20/2021,CND,racialized,N,infection-induced,8.94,7.49,10.39,1387,CBS,0,1,1
8/20/2021,CND,racialized,S,induced by either,96.74,95.69,97.78,1387,CBS,0,1,1
8/20/2021,CND,white,N,infection-induced,3.3,2.86,3.74,6898,CBS,0,1,1
8/20/2021,CND,white,S,induced by either,96.13,95.61,96.66,6898,CBS,0,1,1
8/20/2021,CND,Q1 (least deprived),"S, no N",vaccine-induced,94.98,94.29,95.68,,CBS,0,1,1
8/20/2021,CND,Q2,"S, no N",vaccine-induced,92.86,91.94,93.79,,CBS,0,1,1
8/20/2021,CND,Q3,"S, no N",vaccine-induced,91.73,90.54,92.93,,CBS,0,1,1
8/20/2021,CND,Q4,"S, no N",vaccine-induced,90.26,89.1,91.42,,CBS,0,1,1
8/20/2021,CND,Q5 (most deprived),"S, no N",vaccine-induced,89.23,87.27,91.19,,CBS,0,1,1
8/20/2021,CND,racialized,"S, no N",vaccine-induced,87.8,86.75,88.84,,CBS,0,1,1
8/20/2021,CND,white,"S, no N",vaccine-induced,92.83,92.31,93.8,,CBS,0,1,1
9/19/2021,CND,Q1 (least deprived),N,infection-induced,3.74,2.99,4.49,2619,CBS,0,1,1
9/19/2021,CND,Q1 (least deprived),S,induced by either,97.56,96.83,98.28,2619,CBS,0,1,1
9/19/2021,CND,Q2,N,infection-induced,4.08,3.21,4.95,2117,CBS,0,1,1
9/19/2021,CND,Q2,S,induced by either,97.33,96.5,98.16,2117,CBS,0,1,1
9/19/2021,CND,Q3,N,infection-induced,4.14,3.14,5.15,1573,CBS,0,1,1
9/19/2021,CND,Q3,S,induced by either,97.71,96.8,98.62,1573,CBS,0,1,1
9/19/2021,CND,Q4,N,infection-induced,5.71,4.43,6.99,1273,CBS,0,1,1
9/19/2021,CND,Q4,S,induced by either,96.48,95.32,97.64,1273,CBS,0,1,1
9/19/2021,CND,Q5 (most deprived),N,infection-induced,4.02,2.57,5.48,750,CBS,0,1,1
9/19/2021,CND,Q5 (most deprived),S,induced by either,94.72,92.93,96.51,750,CBS,0,1,1
9/19/2021,CND,racialized,N,infection-induced,7.61,6.24,8.97,1356,CBS,0,1,1
9/19/2021,CND,racialized,S,induced by either,97.93,97.02,98.84,1356,CBS,0,1,1
9/19/2021,CND,white,N,infection-induced,3.65,3.2,4.1,7205,CBS,0,1,1
9/19/2021,CND,white,S,induced by either,96.98,96.51,97.45,7205,CBS,0,1,1
9/19/2021,CND,Q1 (least deprived),"S, no N",vaccine-induced,93.82,93.09,94.54,2619,CBS,0,1,1
9/19/2021,CND,Q2,"S, no N",vaccine-induced,93.25,92.42,94.08,2117,CBS,0,1,1
9/19/2021,CND,Q3,"S, no N",vaccine-induced,93.57,92.66,94.48,1573,CBS,0,1,1
9/19/2021,CND,Q4,"S, no N",vaccine-induced,90.77,89.61,91.93,1273,CBS,0,1,1
9/19/2021,CND,Q5 (most deprived),"S, no N",vaccine-induced,90.7,88.91,92.49,750,CBS,0,1,1
9/19/2021,CND,racialized,"S, no N",vaccine-induced,90.32,89.41,91.23,1356,CBS,0,1,1
9/19/2021,CND,white,"S, no N",vaccine-induced,93.33,92.86,93.8,7205,CBS,0,1,1
10/18/2021,CND,Q1 (least deprived),N,infection-induced,4.86,3.85,5.86,689,CBS,0,1,1
10/18/2021,CND,Q1 (least deprived),S,induced by either,97.67,96.81,98.52,695,CBS,0,1,1
10/18/2021,CND,Q2,N,infection-induced,3.98,3.05,4.91,3200,CBS,0,1,1
10/18/2021,CND,Q2,S,induced by either,97.37,96.47,98.26,370,CBS,0,1,1
10/18/2021,CND,Q3,N,infection-induced,3.76,2.85,4.67,530,CBS,0,1,1
10/18/2021,CND,Q3,S,induced by either,98.48,97.71,99.24,159,CBS,0,1,1
10/18/2021,CND,Q4,N,infection-induced,3.53,2.59,4.47,163,CBS,0,1,1
10/18/2021,CND,Q4,S,induced by either,98.39,97.57,99.22,2655,CBS,0,1,1
10/18/2021,CND,Q5 (most deprived),N,infection-induced,4.41,3.36,5.46,2009,CBS,0,1,1
10/18/2021,CND,Q5 (most deprived),S,induced by either,99.09,98.36,99.82,1733,CBS,0,1,1
10/18/2021,CND,racialized,N,infection-induced,6.18,4.92,7.45,1446,CBS,0,1,1
10/18/2021,CND,racialized,S,induced by either,98.74,97.93,99.54,651,CBS,0,1,1
10/18/2021,CND,white,N,infection-induced,3.85,3.4,4.31,1408,CBS,0,1,1
10/18/2021,CND,white,S,induced by either,98.19,97.8,98.59,7397,CBS,0,1,1
10/18/2021,CND,Q1 (least deprived),"S, no N",vaccine-induced,92.81,91.95,93.66,2655,CBS,0,1,1
10/18/2021,CND,Q2,"S, no N",vaccine-induced,93.39,92.49,94.28,2009,CBS,0,1,1
10/18/2021,CND,Q3,"S, no N",vaccine-induced,94.72,93.95,95.48,1733,CBS,0,1,1
10/18/2021,CND,Q4,"S, no N",vaccine-induced,94.86,94.04,95.69,1446,CBS,0,1,1
10/18/2021,CND,Q5 (most deprived),"S, no N",vaccine-induced,94.68,93.95,95.41,651,CBS,0,1,1
10/18/2021,CND,racialized,"S, no N",vaccine-induced,92.56,91.75,93.36,1446,CBS,0,1,1
10/18/2021,CND,white,"S, no N",vaccine-induced,94.34,93.95,94.74,7397,CBS,0,1,1
11/18/2021,CND,Q1 (least deprived),N,infection-induced,4.54,3.69,5.39,2477,CBS,0,1,1
11/18/2021,CND,Q1 (least deprived),S,induced by either,99.53,99.02,100,2477,CBS,0,1,1
11/18/2021,CND,Q2,N,infection-induced,4.01,3.11,4.91,1932,CBS,0,1,1
11/18/2021,CND,Q2,S,induced by either,97.87,97.07,98.68,1932,CBS,0,1,1
11/18/2021,CND,Q3,N,infection-induced,4.78,3.67,5.9,1484,CBS,0,1,1
11/18/2021,CND,Q3,S,induced by either,98.65,97.84,99.47,1484,CBS,0,1,1
11/18/2021,CND,Q4,N,infection-induced,6.31,4.97,7.64,1261,CBS,0,1,1
11/18/2021,CND,Q4,S,induced by either,98.7,97.84,99.55,1261,CBS,0,1,1
11/18/2021,CND,Q5 (most deprived),N,infection-induced,6.18,4.48,7.89,780,CBS,0,1,1
11/18/2021,CND,Q5 (most deprived),S,induced by either,97.47,96.14,98.8,780,CBS,0,1,1
11/18/2021,CND,racialized,N,infection-induced,8.28,6.82,9.74,1261,CBS,0,1,1
11/18/2021,CND,racialized,S,induced by either,98.87,98.07,99.66,780,CBS,0,1,1
11/18/2021,CND,white,N,infection-induced,4.56,4.05,5.07,1277,CBS,0,1,1
11/18/2021,CND,white,S,induced by either,98.66,98.28,99.04,6989,CBS,0,1,1
11/18/2021,CND,Q1 (least deprived),"S, no N",vaccine-induced,94.99,94.48,95.46,2477,CBS,0,1,1
11/18/2021,CND,Q2,"S, no N",vaccine-induced,93.86,93.06,94.67,1932,CBS,0,1,1
11/18/2021,CND,Q3,"S, no N",vaccine-induced,93.87,93.06,94.69,1484,CBS,0,1,1
11/18/2021,CND,Q4,"S, no N",vaccine-induced,92.39,91.53,93.24,1261,CBS,0,1,1
11/18/2021,CND,Q5 (most deprived),"S, no N",vaccine-induced,91.29,89.96,92.62,780,CBS,0,1,1
11/18/2021,CND,racialized,"S, no N",vaccine-induced,90.59,89.79,91.38,1277,CBS,0,1,1
11/18/2021,CND,white,"S, no N",vaccine-induced,94.1,93.72,94.48,6989,CBS,0,1,1
12/16/2021,CND,racialized,N,infection-induced,7.05,5.82,8.27,1674,CBS,0,1,1
12/16/2021,CND,white,N,infection-induced,4.31,3.72,4.9,4775,CBS,0,1,1
12/16/2021,CND,Q1 (least deprived),N,infection-induced,4.29,3.3,5.28,1734,CBS,0,1,1
12/16/2021,CND,Q2,N,infection-induced,4.54,3.38,5.7,1306,CBS,0,1,1
12/16/2021,CND,Q3,N,infection-induced,5.24,3.95,6.52,1196,CBS,0,1,1
12/16/2021,CND,Q4,N,infection-induced,6,4.36,7.63,834,CBS,0,1,1
12/16/2021,CND,Q5 (most deprived),N,infection-induced,8.93,6.8,11.06,604,CBS,0,1,1
12/21/2021,CND,racialized,N,infection-induced,7.48,6.24,8.73,1714,CBS,0,1,1
12/21/2021,CND,white,N,infection-induced,5.43,4.8,6.07,5113,CBS,0,1,1
12/21/2021,CND,Q1 (least deprived),N,infection-induced,5.35,4.25,6.45,1755,CBS,0,1,1
12/21/2021,CND,Q2,N,infection-induced,5.13,4.01,6.24,1575,CBS,0,1,1
12/21/2021,CND,Q3,N,infection-induced,6.37,4.99,7.75,1218,CBS,0,1,1
12/21/2021,CND,Q4,N,infection-induced,9.32,7.5,11.14,525,CBS,0,1,1
12/21/2021,CND,Q5 (most deprived),N,infection-induced,6.55,5.95,7.15,6827,CBS,0,1,1
12/21/2021,CND,racialized,N,infection-induced,7.48,6.24,8.73,1714,CBS,0,1,1
12/21/2021,CND,white,N,infection-induced,5.43,4.8,6.07,5113,CBS,0,1,1
12/21/2021,CND,Q1 (least deprived),N,infection-induced,5.35,4.25,6.45,1755,CBS,0,1,1
12/21/2021,CND,Q2,N,infection-induced,5.13,4.01,6.24,1575,CBS,0,1,1
12/21/2021,CND,Q3,N,infection-induced,6.37,4.99,7.75,1218,CBS,0,1,1
12/21/2021,CND,Q4,N,infection-induced,9.32,7.5,11.14,525,CBS,0,1,1
12/21/2021,CND,Q5 (most deprived),N,infection-induced,8.43,6.08,10.77,525,CBS,0,1,1
12/22/2021,CND,Q1 (least deprived),N,infection-induced,5.06,4.39,5.74,4403,CBS,0,1,1
12/22/2021,CND,Q1 (least deprived),S,induced by either,99.2,98.78,99.62,4403,CBS,0,1,1
12/22/2021,CND,Q2,N,infection-induced,5.13,4.39,5.86,3588,CBS,0,1,1
12/22/2021,CND,Q2,S,induced by either,98.56,98.02,99.09,3588,CBS,0,1,1
12/22/2021,CND,Q3,N,infection-induced,5.69,4.86,6.51,3113,CBS,0,1,1
12/22/2021,CND,Q3,S,induced by either,98.62,98.06,99.18,3113,CBS,0,1,1
12/22/2021,CND,Q4,N,infection-induced,8.2,7.08,9.33,2326,CBS,0,1,1
12/22/2021,CND,Q4,S,induced by either,97.92,97.19,98.65,2326,CBS,0,1,1
12/22/2021,CND,Q5 (most deprived),N,infection-induced,9.32,7.87,10.77,1433,CBS,0,1,1
12/22/2021,CND,Q5 (most deprived),S,induced by either,97.96,97.08,98.84,1433,CBS,0,1,1
12/22/2021,CND,racialized,N,infection-induced,10.4,9.32,11.48,3149,CBS,0,1,1
12/22/2021,CND,racialized,S,induced by either,98.49,97.92,99.07,3149,CBS,0,1,1
12/22/2021,CND,white,N,infection-induced,5.21,4.81,5.61,12432,CBS,0,1,1
12/22/2021,CND,white,S,induced by either,98.55,98.37,98.93,12432,CBS,0,1,1
12/22/2021,CND,Q1 (least deprived),"S, no N",vaccine-induced,94.14,93.72,94.56,4403,CBS,0,1,1
12/22/2021,CND,Q2,"S, no N",vaccine-induced,93.43,92.89,93.96,3588,CBS,0,1,1
12/22/2021,CND,Q3,"S, no N",vaccine-induced,92.93,92.37,93.49,3113,CBS,0,1,1
12/22/2021,CND,Q4,"S, no N",vaccine-induced,89.72,88.99,90.45,2326,CBS,0,1,1
12/22/2021,CND,Q5 (most deprived),"S, no N",vaccine-induced,88.64,87.76,89.52,1433,CBS,0,1,1
12/22/2021,CND,racialized,"S, no N",vaccine-induced,88.09,87.52,88.67,3149,CBS,0,1,1
12/22/2021,CND,white,"S, no N",vaccine-induced,93.34,93.16,93.72,12432,CBS,0,1,1
12/28/2021,CND,Q1 (least deprived),N,infection-induced,5.98,4.41,7.56,914,CBS,0,1,1
12/28/2021,CND,Q1 (least deprived),S,induced by either,100,100,100,914,CBS,0,1,1
12/28/2021,CND,Q2,N,infection-induced,6.22,4.38,8.05,708,CBS,0,1,1
12/28/2021,CND,Q2,S,induced by either,100,100,100,708,CBS,0,1,1
12/28/2021,CND,Q3,N,infection-induced,5.26,3.57,6.96,699,CBS,0,1,1
12/28/2021,CND,Q3,S,induced by either,100,100,100,699,CBS,0,1,1
12/28/2021,CND,Q4,N,infection-induced,9.69,7.06,12.32,482,CBS,0,1,1
12/28/2021,CND,Q4,S,induced by either,100,100,100,482,CBS,0,1,1
12/28/2021,CND,Q5 (most deprived),N,infection-induced,11.68,8.14,15.22,304,CBS,0,1,1
12/28/2021,CND,Q5 (most deprived),S,induced by either,100,100,100,304,CBS,0,1,1
12/28/2021,CND,racialized,N,infection-induced,10.13,8.26,12,996,CBS,0,1,1
12/28/2021,CND,racialized,S,induced by either,100,100,100,3149,CBS,0,1,1
12/28/2021,CND,white,N,infection-induced,89.6,89.6,89.6,3149,CBS,0,1,1
12/28/2021,CND,white,S,induced by either,10.4,9.32,11.48,3149,CBS,0,1,1
12/28/2021,CND,Q1 (least deprived),"S, no N",vaccine-induced,94.02,94.02,94.02,914,CBS,0,1,1
12/28/2021,CND,Q2,"S, no N",vaccine-induced,93.78,93.78,93.78,708,CBS,0,1,1
12/28/2021,CND,Q3,"S, no N",vaccine-induced,94.74,94.74,94.74,699,CBS,0,1,1
12/28/2021,CND,Q4,"S, no N",vaccine-induced,90.31,90.31,90.31,482,CBS,0,1,1
12/28/2021,CND,Q5 (most deprived),"S, no N",vaccine-induced,88.32,88.32,88.32,304,CBS,0,1,1
12/28/2021,CND,racialized,"S, no N",vaccine-induced,89.6,89.6,89.6,3149,CBS,0,1,1
12/28/2021,CND,white,"S, no N",vaccine-induced,10.4,9.32,11.48,3149,CBS,0,1,1
1/4/2022,CND,Q1 (least deprived),N,infection-induced,4.95,4.03,5.86,2285,CBS,0,1,1
1/4/2022,CND,Q1 (least deprived),S,induced by either,100,100,100,2285,CBS,0,1,1
1/4/2022,CND,Q2,N,infection-induced,7.82,6.6,9.03,2001,CBS,0,1,1
1/4/2022,CND,Q2,S,induced by either,100,100,100,2001,CBS,0,1,1
1/4/2022,CND,Q3,N,infection-induced,6.99,5.76,8.23,1722,CBS,0,1,1
1/4/2022,CND,Q3,S,induced by either,100,100,100,1722,CBS,0,1,1
1/4/2022,CND,Q4,N,infection-induced,6.6,5.29,7.91,1378,CBS,0,1,1
1/4/2022,CND,Q4,S,induced by either,100,100,100,1378,CBS,0,1,1
1/4/2022,CND,Q5 (most deprived),N,infection-induced,10.27,8.24,12.3,845,CBS,0,1,1
1/4/2022,CND,Q5 (most deprived),S,induced by either,100,100,100,845,CBS,0,1,1
1/4/2022,CND,racialized,N,infection-induced,10.4,9.32,11.48,3149,CBS,0,1,1
1/4/2022,CND,racialized,S,induced by either,100,100,100,3149,CBS,0,1,1
1/4/2022,CND,white,N,infection-induced,6.44,5.85,7.03,2564,CBS,0,1,1
1/4/2022,CND,white,S,induced by either,100,100,100,2564,CBS,0,1,1
1/4/2022,CND,Q1 (least deprived),"S, no N",vaccine-induced,95.05,95.05,95.05,914,CBS,0,1,1
1/4/2022,CND,Q2,"S, no N",vaccine-induced,92.18,92.18,92.18,708,CBS,0,1,1
1/4/2022,CND,Q3,"S, no N",vaccine-induced,93.01,93.01,93.01,699,CBS,0,1,1
1/4/2022,CND,Q4,"S, no N",vaccine-induced,93.4,93.4,93.4,482,CBS,0,1,1
1/4/2022,CND,Q5 (most deprived),"S, no N",vaccine-induced,89.73,89.73,89.73,304,CBS,0,1,1
1/4/2022,CND,racialized,"S, no N",vaccine-induced,89.6,89.6,89.6,3149,CBS,0,1,1
1/4/2022,CND,white,"S, no N",vaccine-induced,93.56,93.56,93.56,2564,CBS,0,1,1
1/4/2022,CND,Q1 (least deprived),N,infection-induced,4.85,3.93,5.77,2285,CBS,0,1,1
1/4/2022,CND,Q2,N,infection-induced,7.42,6.22,8.62,2001,CBS,0,1,1
1/4/2022,CND,Q3,N,infection-induced,6.82,5.59,8.06,1722,CBS,0,1,1
1/4/2022,CND,Q4,N,infection-induced,6.96,5.58,8.34,1378,CBS,0,1,1
1/4/2022,CND,Q5 (most deprived),N,infection-induced,10.07,7.97,12.16,845,CBS,0,1,1
1/4/2022,CND,racialized,N,infection-induced,8.87,7.68,10.06,2199,CBS,0,1,1
1/4/2022,CND,white,N,infection-induced,6.13,5.55,6.72,7066,CBS,0,1,1
1/11/2022,CND,Q1 (least deprived),N,infection-induced,9.91,8.69,11.14,2347,CBS,0,1,1
1/11/2022,CND,Q1 (least deprived),S,induced by either,100,100,100,2347,CBS,0,1,1
1/11/2022,CND,Q2,N,infection-induced,10.46,9.05,11.87,1852,CBS,0,1,1
1/11/2022,CND,Q2,S,induced by either,100,100,100,1852,CBS,0,1,1
1/11/2022,CND,Q3,N,infection-induced,8.6,7.21,9.99,1592,CBS,0,1,1
1/11/2022,CND,Q3,S,induced by either,100,100,100,1592,CBS,0,1,1
1/11/2022,CND,Q4,N,infection-induced,8.97,7.41,10.53,1308,CBS,0,1,1
1/11/2022,CND,Q4,S,induced by either,100,100,100,1308,CBS,0,1,1
1/11/2022,CND,Q5 (most deprived),N,infection-induced,13.38,10.7,16.06,593,CBS,0,1,1
1/11/2022,CND,Q5 (most deprived),S,induced by either,100,100,100,593,CBS,0,1,1
1/11/2022,CND,racialized,N,infection-induced,16.8,14.88,18.71,3149,CBS,0,1,1
1/11/2022,CND,racialized,S,induced by either,100,100,100,3149,CBS,0,1,1
1/11/2022,CND,white,N,infection-induced,8.61,7.93,9.29,6721,CBS,0,1,1
1/11/2022,CND,white,S,induced by either,100,100,100,6721,CBS,0,1,1
1/11/2022,CND,Q1 (least deprived),"S, no N",vaccine-induced,90.09,90.09,90.09,914,CBS,0,1,1
1/11/2022,CND,Q2,"S, no N",vaccine-induced,89.54,89.54,89.54,708,CBS,0,1,1
1/11/2022,CND,Q3,"S, no N",vaccine-induced,91.4,91.4,91.4,699,CBS,0,1,1
1/11/2022,CND,Q4,"S, no N",vaccine-induced,91.03,91.03,91.03,482,CBS,0,1,1
1/11/2022,CND,Q5 (most deprived),"S, no N",vaccine-induced,86.62,86.62,86.62,304,CBS,0,1,1
1/11/2022,CND,racialized,"S, no N",vaccine-induced,83.2,83.2,83.2,3149,CBS,0,1,1
1/11/2022,CND,white,"S, no N",vaccine-induced,91.39,91.39,91.39,2564,CBS,0,1,1
1/11/2022,CND,Q1 (least deprived),N,infection-induced,9.65,8.45,10.86,2466,CBS,0,1,1
1/11/2022,CND,Q2,N,infection-induced,10.59,9.2,11.97,1943,CBS,0,1,1
1/11/2022,CND,Q3,N,infection-induced,8.6,7.26,9.94,1652,CBS,0,1,1
1/11/2022,CND,Q4,N,infection-induced,9.25,7.73,10.76,1360,CBS,0,1,1
1/11/2022,CND,Q5 (most deprived),N,infection-induced,13.19,10.56,15.81,628,CBS,0,1,1
1/11/2022,CND,racialized,N,infection-induced,14.67,13.16,16.19,2097,CBS,0,1,1
1/11/2022,CND,white,N,infection-induced,8.57,7.9,9.23,7032,CBS,0,1,1
1/16/2022,CND,Q1 (least deprived),N,infection-induced,11.27,10.58,11.95,8641,CBS,0,1,1
1/16/2022,CND,Q1 (least deprived),S,induced by either,99.82,99.57,100,8641,CBS,0,1,1
1/16/2022,CND,Q2,N,infection-induced,11.47,10.71,12.23,7120,CBS,0,1,1
1/16/2022,CND,Q2,S,induced by either,99.27,98.94,99.6,7120,CBS,0,1,1
1/16/2022,CND,Q3,N,infection-induced,11.26,10.44,12.08,5795,CBS,0,1,1
1/16/2022,CND,Q3,S,induced by either,98.57,98.16,98.99,5795,CBS,0,1,1
1/16/2022,CND,Q4,N,infection-induced,12.35,11.41,13.28,4622,CBS,0,1,1
1/16/2022,CND,Q4,S,induced by either,100,100,100,4622,CBS,0,1,1
1/16/2022,CND,Q5 (most deprived),N,infection-induced,15.18,13.84,16.51,2622,CBS,0,1,1
1/16/2022,CND,Q5 (most deprived),S,induced by either,97.4,96.69,98.11,2622,CBS,0,1,1
1/16/2022,CND,racialized,N,infection-induced,18.29,17.27,19.32,5123,CBS,0,1,1
1/16/2022,CND,racialized,S,induced by either,98.53,98,99.06,5123,CBS,0,1,1
1/16/2022,CND,white,N,infection-induced,10.73,10.34,11.12,24932,CBS,0,1,1
1/16/2022,CND,white,S,induced by either,98.83,98.64,99.02,24932,CBS,0,1,1
1/16/2022,CND,Q1 (least deprived),"S, no N",vaccine-induced,88.55,88.3,88.73,8641,CBS,0,1,1
1/16/2022,CND,Q2,"S, no N",vaccine-induced,87.8,87.47,88.13,7120,CBS,0,1,1
1/16/2022,CND,Q3,"S, no N",vaccine-induced,87.31,86.9,87.73,5795,CBS,0,1,1
1/16/2022,CND,Q4,"S, no N",vaccine-induced,87.65,87.65,87.65,4622,CBS,0,1,1
1/16/2022,CND,Q5 (most deprived),"S, no N",vaccine-induced,82.22,81.51,82.93,2622,CBS,0,1,1
1/16/2022,CND,racialized,"S, no N",vaccine-induced,80.24,79.71,80.77,5123,CBS,0,1,1
1/16/2022,CND,white,"S, no N",vaccine-induced,88.1,87.91,88.29,24932,CBS,0,1,1
1/19/2022,CND,Q1 (least deprived),N,infection-induced,12.11,10.61,13.6,1848,CBS,0,1,1
1/19/2022,CND,Q2,N,infection-induced,11.32,9.62,13.02,1367,CBS,0,1,1
1/19/2022,CND,Q3,N,infection-induced,11.41,9.55,13.27,1090,CBS,0,1,1
1/19/2022,CND,Q4,N,infection-induced,14.25,11.96,16.53,820,CBS,0,1,1
1/19/2022,CND,Q5 (most deprived),N,infection-induced,15.81,12.79,18.82,558,CBS,0,1,1
1/19/2022,CND,racialized,N,infection-induced,17.22,15.25,19.18,1416,CBS,0,1,1
1/19/2022,CND,white,N,infection-induced,11.27,10.39,12.14,5034,CBS,0,1,1
1/27/2022,CND,Q1 (least deprived),N,infection-induced,16.46,14.9,18.01,2279,CBS,0,1,1
1/27/2022,CND,Q2,N,infection-induced,13.69,12.16,15.23,1996,CBS,0,1,1
1/27/2022,CND,Q3,N,infection-induced,15.97,14.08,17.86,1457,CBS,0,1,1
1/27/2022,CND,Q4,N,infection-induced,18.69,16.5,20.88,1149,CBS,0,1,1
1/27/2022,CND,Q5 (most deprived),N,infection-induced,20.17,17.19,23.15,629,CBS,0,1,1
1/27/2022,CND,racialized,N,infection-induced,22.33,20.49,24.11,1967,CBS,0,1,1
1/27/2022,CND,white,N,infection-induced,14.44,13.58,15.3,6452,CBS,0,1,1
2/4/2022,CND,Q1 (least deprived),N,infection-induced,20.31,18.28,22.34,1591,CBS,0,1,1
2/4/2022,CND,Q2,N,infection-induced,20.7,18.35,23.05,1187,CBS,0,1,1
2/4/2022,CND,Q3,N,infection-induced,19.92,17.49,22.35,1029,CBS,0,1,1
2/4/2022,CND,Q4,N,infection-induced,18.65,15.94,21.37,784,CBS,0,1,1
2/4/2022,CND,Q5 (most deprived),N,infection-induced,23.14,19.24,27.03,441,CBS,0,1,1
2/4/2022,CND,racialized,N,infection-induced,27.16,25.08,29.25,1749,CBS,0,1,1
2/4/2022,CND,white,N,infection-induced,18.51,17.35,19.68,4364,CBS,0,1,1
2/4/2022,CND,Q1 (least deprived),N,infection-induced,20.68,18.6,22.75,1591,CBS,0,1,1
2/4/2022,CND,Q2,N,infection-induced,20.84,18.47,23.21,1187,CBS,0,1,1
2/4/2022,CND,Q3,N,infection-induced,20.83,18.3,23.37,1029,CBS,0,1,1
2/4/2022,CND,Q4,N,infection-induced,20.06,17.23,22.9,784,CBS,0,1,1
2/4/2022,CND,Q5 (most deprived),N,infection-induced,24.69,20.73,28.65,441,CBS,0,1,1
2/4/2022,CND,racialized,N,infection-induced,28.21,25.86,30.55,1415,CBS,0,1,1
2/4/2022,CND,white,N,infection-induced,19.1,17.9,20.3,4364,CBS,0,1,1
2/11/2022,CND,Q1 (least deprived),N,infection-induced,22.39,20.53,24.24,1926,CBS,0,1,1
2/11/2022,CND,Q2,N,infection-induced,20.06,18.09,22.04,1619,CBS,0,1,1
2/11/2022,CND,Q3,N,infection-induced,22.13,19.86,24.39,1315,CBS,0,1,1
2/11/2022,CND,Q4,N,infection-induced,23.84,21.32,26.37,1088,CBS,0,1,1
2/11/2022,CND,Q5 (most deprived),N,infection-induced,24.78,21.6,27.97,672,CBS,0,1,1
2/11/2022,CND,racialized,N,infection-induced,32.36,29.85,34.88,1312,CBS,0,1,1
2/11/2022,CND,white,N,infection-induced,20.13,19.07,21.18,5583,CBS,0,1,1
2/11/2022,CND,Q1 (least deprived),S,induced by either,99.82,99.57,100,8641,CBS,0,1,1
2/11/2022,CND,Q2,S,induced by either,99.27,98.94,99.6,7120,CBS,0,1,1
2/11/2022,CND,Q3,S,induced by either,98.57,98.16,98.99,5795,CBS,0,1,1
2/11/2022,CND,Q4,S,induced by either,100,100,100,4622,CBS,0,1,1
2/11/2022,CND,Q5 (most deprived),S,induced by either,97.4,96.69,98.11,2622,CBS,0,1,1
2/11/2022,CND,racialized,S,induced by either,98.53,98,99.06,5123,CBS,0,1,1
2/11/2022,CND,white,S,induced by either,98.83,98.64,99.02,24932,CBS,0,1,1
2/11/2022,CND,Q1 (least deprived),"S, no N",vaccine-induced,77.43,77.18,77.61,8641,CBS,0,1,1
2/11/2022,CND,Q2,"S, no N",vaccine-induced,79.21,78.88,79.54,7120,CBS,0,1,1
2/11/2022,CND,Q3,"S, no N",vaccine-induced,76.44,76.03,76.86,5795,CBS,0,1,1
2/11/2022,CND,Q4,"S, no N",vaccine-induced,76.16,76.16,76.16,4622,CBS,0,1,1
2/11/2022,CND,Q5 (most deprived),"S, no N",vaccine-induced,72.62,71.91,73.33,2622,CBS,0,1,1
2/11/2022,CND,racialized,"S, no N",vaccine-induced,66.17,65.64,66.7,5123,CBS,0,1,1
2/11/2022,CND,white,"S, no N",vaccine-induced,78.7,78.51,78.89,24932,CBS,0,1,1
2/11/2022,CND,Q1 (least deprived),N,infection-induced,22.9,20.91,24.88,1741,CBS,0,1,1
2/11/2022,CND,Q2,N,infection-induced,20.07,17.92,22.22,1349,CBS,0,1,1
2/11/2022,CND,Q3,N,infection-induced,23.22,20.81,25.63,1153,CBS,0,1,1
2/11/2022,CND,Q4,N,infection-induced,24.54,21.87,27.2,937,CBS,0,1,1
2/11/2022,CND,Q5 (most deprived),N,infection-induced,25.59,22.29,28.89,597,CBS,0,1,1
2/11/2022,CND,racialized,N,infection-induced,31.32,29.12,33.52,1706,CBS,0,1,1
2/11/2022,CND,white,N,infection-induced,20.46,19.32,21.6,4818,CBS,0,1,1
2/14/2022,CND,Q1 (least deprived),N,infection-induced,22.39,21.44,23.34,7647,CBS,0,1,1
2/14/2022,CND,Q1 (least deprived),S,induced by either,100,99.94,100,7647,CBS,0,1,1
2/14/2022,CND,Q2,N,infection-induced,22.1,21.01,23.15,6110,CBS,0,1,1
2/14/2022,CND,Q2,S,induced by either,99.7,99.39,100,6110,CBS,0,1,1
2/14/2022,CND,Q3,N,infection-induced,22.83,21.67,23.99,5156,CBS,0,1,1
2/14/2022,CND,Q3,S,induced by either,99.26,98.88,99.65,5156,CBS,0,1,1
2/14/2022,CND,Q4,N,infection-induced,24.48,23.15,25.81,3977,CBS,0,1,1
2/14/2022,CND,Q4,S,induced by either,99.31,98.89,99.74,3977,CBS,0,1,1
2/14/2022,CND,Q5 (most deprived),N,infection-induced,28.9,27.13,30.67,2380,CBS,0,1,1
2/14/2022,CND,Q5 (most deprived),S,induced by either,98.93,98.35,99.52,2380,CBS,0,1,1
2/14/2022,CND,racialized,N,infection-induced,33.45,32.16,34.73,7094,CBS,0,1,1
2/14/2022,CND,racialized,S,induced by either,99.99,99.69,100,7094,CBS,0,1,1
2/14/2022,CND,white,N,infection-induced,22.17,20.62,21.72,21522,CBS,0,1,1
2/14/2022,CND,white,S,induced by either,99.57,99.4,99.74,21522,CBS,0,1,1
2/14/2022,CND,Q1 (least deprived),"S, no N",vaccine-induced,77.61,77.55,77.61,7647,CBS,0,1,1
2/14/2022,CND,Q2,"S, no N",vaccine-induced,77.6,77.29,77.9,6110,CBS,0,1,1
2/14/2022,CND,Q3,"S, no N",vaccine-induced,76.43,76.05,76.82,5156,CBS,0,1,1
2/14/2022,CND,Q4,"S, no N",vaccine-induced,74.83,74.41,75.26,3977,CBS,0,1,1
2/14/2022,CND,Q5 (most deprived),"S, no N",vaccine-induced,70.03,69.45,70.62,2380,CBS,0,1,1
2/14/2022,CND,racialized,"S, no N",vaccine-induced,66.54,66.24,66.55,7094,CBS,0,1,1
2/14/2022,CND,white,"S, no N",vaccine-induced,77.4,77.23,77.57,21522,CBS,0,1,1
2/18/2022,CND,Q1 (least deprived),N,infection-induced,22.04,20.31,23.77,2236,CBS,0,1,1
2/18/2022,CND,Q2,N,infection-induced,23.24,21.36,25.13,2015,CBS,0,1,1
2/18/2022,CND,Q3,N,infection-induced,22.82,20.7,24.94,1585,CBS,0,1,1
2/18/2022,CND,Q4,N,infection-induced,23.44,21.01,25.87,1195,CBS,0,1,1
2/18/2022,CND,Q5 (most deprived),N,infection-induced,29.8,26.52,33.08,732,CBS,0,1,1
2/18/2022,CND,racialized,N,infection-induced,30.68,28.72,32.64,2127,CBS,0,1,1
2/18/2022,CND,white,N,infection-induced,21.29,20.28,22.29,6631,CBS,0,1,1
2/25/2022,CND,Q1 (least deprived),N,infection-induced,23.26,21.49,25.02,2253,CBS,0,1,1
2/25/2022,CND,Q2,N,infection-induced,23.06,21.03,25.09,1670,CBS,0,1,1
2/25/2022,CND,Q3,N,infection-induced,23.36,21.19,25.54,1474,CBS,0,1,1
2/25/2022,CND,Q4,N,infection-induced,28.63,26.04,31.23,1122,CBS,0,1,1
2/25/2022,CND,Q5 (most deprived),N,infection-induced,33.98,30.43,37.54,640,CBS,0,1,1
2/25/2022,CND,racialized,N,infection-induced,32.61,30.51,34.71,1919,CBS,0,1,1
2/25/2022,CND,white,N,infection-induced,22.77,21.71,23.83,6141,CBS,0,1,1
3/4/2022,CND,Q1 (least deprived),N,infection-induced,25.37,23.2,27.53,1717,CBS,0,1,1
3/4/2022,CND,Q2,N,infection-induced,25.05,24.98,27.28,1527,CBS,0,1,1
3/4/2022,CND,Q3,N,infection-induced,26.34,27.59,30.2,1300,CBS,0,1,1
3/4/2022,CND,Q4,N,infection-induced,26.44,29.28,32.27,961,CBS,0,1,1
3/4/2022,CND,Q5 (most deprived),N,infection-induced,36.93,34.6,38.57,582,CBS,0,1,1
3/4/2022,CND,racialized,N,infection-induced,34.94,32.61,37.26,1621,CBS,0,1,1
3/4/2022,CND,white,N,infection-induced,24.43,23.24,25.62,5221,CBS,0,1,1
3/12/2022,CND,Q1 (least deprived),N,infection-induced,24.11,22.09,26.13,1830,CBS,0,1,1
3/12/2022,CND,Q2,N,infection-induced,26.46,24.21,28.71,1471,CBS,0,1,1
3/12/2022,CND,Q3,N,infection-induced,29.41,26.86,31.96,1243,CBS,0,1,1
3/12/2022,CND,Q4,N,infection-induced,28.55,25.65,31.45,907,CBS,0,1,1
3/12/2022,CND,Q5 (most deprived),N,infection-induced,31.9,28.22,35.57,572,CBS,0,1,1
3/12/2022,CND,racialized,N,infection-induced,33.25,30.98,35.52,1648,CBS,0,1,1
3/12/2022,CND,white,N,infection-induced,25.46,24.26,26.67,5151,CBS,0,1,1
3/16/2022,CND,Q1 (least deprived),N,infection-induced,25.93,24.87,27,6872,CBS,0,1,1
3/16/2022,CND,Q2,N,infection-induced,26.16,25.01,27.31,5665,CBS,0,1,1
3/16/2022,CND,Q3,N,infection-induced,28.89,27.59,30.2,4651,CBS,0,1,1
3/16/2022,CND,Q4,N,infection-induced,30.78,29.29,32.28,3574,CBS,0,1,1
3/16/2022,CND,Q5 (most deprived),N,infection-induced,36.61,34.63,38.58,2146,CBS,0,1,1
3/16/2022,CND,racialized,N,infection-induced,38.58,37.2,39.95,6481,CBS,0,1,1
3/16/2022,CND,white,N,infection-induced,26.28,25.66,26.91,19574,CBS,0,1,1
3/16/2022,CND,Q1 (least deprived),N,infection-induced,25.93,24.87,27,6872,CBS,0,1,1
3/16/2022,CND,Q1 (least deprived),S,induced by either,99.95,99.68,100,6872,CBS,0,1,1
3/16/2022,CND,Q2,N,infection-induced,26.16,25.01,27.31,5665,CBS,0,1,1
3/16/2022,CND,Q2,S,induced by either,99.84,99.53,100,5665,CBS,0,1,1
3/16/2022,CND,Q3,N,infection-induced,28.89,27.59,30.2,4651,CBS,0,1,1
3/16/2022,CND,Q3,S,induced by either,99.45,99.07,99.83,4651,CBS,0,1,1
3/16/2022,CND,Q4,N,infection-induced,30.78,29.29,32.28,3574,CBS,0,1,1
3/16/2022,CND,Q4,S,induced by either,99.21,98.76,99.67,3573,CBS,0,1,1
3/16/2022,CND,Q5 (most deprived),N,infection-induced,36.61,34.63,38.58,2146,CBS,0,1,1
3/16/2022,CND,Q5 (most deprived),S,induced by either,99.01,98.41,99.61,2146,CBS,0,1,1
3/16/2022,CND,racialized,N,infection-induced,38.58,37.21,39.95,6481,CBS,0,1,1
3/16/2022,CND,racialized,S,induced by either,100,99.76,100,6481,CBS,0,1,1
3/16/2022,CND,white,N,infection-induced,26.27,25.65,26.89,19546,CBS,0,1,1
3/16/2022,CND,white,S,induced by either,99.52,99.33,99.7,19238,CBS,0,1,1
3/16/2022,CND,Q1 (least deprived),"S, no N",vaccine-induced,74.02,73.75,74.07,6868,CBS,0,1,1
3/16/2022,CND,Q2,"S, no N",vaccine-induced,73.68,73.37,73.84,5660,CBS,0,1,1
3/16/2022,CND,Q3,"S, no N",vaccine-induced,70.56,70.18,70.94,4644,CBS,0,1,1
3/16/2022,CND,Q4,"S, no N",vaccine-induced,68.43,67.98,68.89,3565,CBS,0,1,1
3/16/2022,CND,Q5 (most deprived),"S, no N",vaccine-induced,62.4,61.8,63,2143,CBS,0,1,1
3/16/2022,CND,racialized,"S, no N",vaccine-induced,61.42,61.18,61.42,6481,CBS,0,1,1
3/16/2022,CND,white,"S, no N",vaccine-induced,73.25,73.06,73.43,19546,CBS,0,1,1
3/17/2022,QC,Q1 (least deprived),N,infection-induced,28.15,21.56,34.73,,HQ,0,1,1
3/17/2022,QC,Q2,N,infection-induced,18.77,12.28,25.26,,HQ,0,1,1
3/17/2022,QC,Q3,N,infection-induced,24.39,17.17,31.16,,HQ,0,1,1
3/17/2022,QC,Q4,N,infection-induced,43.18,32.67,53.69,,HQ,0,1,1
3/17/2022,QC,Q5 (most deprived),N,infection-induced,33.29,19.55,47.04,,HQ,0,1,1
3/19/2022,CND,Q1 (least deprived),N,infection-induced,27.6,25.55,29.66,1932,CBS,0,1,1
3/19/2022,CND,Q2,N,infection-induced,25.81,23.63,28,1495,CBS,0,1,1
3/19/2022,CND,Q3,N,infection-induced,31.86,29.29,34.43,1209,CBS,0,1,1
3/19/2022,CND,Q4,N,infection-induced,35.62,32.6,38.64,903,CBS,0,1,1
3/19/2022,CND,Q5 (most deprived),N,infection-induced,41.61,37.67,45.54,539,CBS,0,1,1
3/19/2022,CND,racialized,N,infection-induced,36.91,34.68,39.14,1800,CBS,0,1,1
3/19/2022,CND,white,N,infection-induced,28.36,27.14,29.57,5224,CBS,0,1,1
3/27/2022,CND,Q1 (least deprived),N,infection-induced,26.25,24.04,28.46,1605,CBS,0,1,1
3/27/2022,CND,Q2,N,infection-induced,27.48,25.02,29.94,1296,CBS,0,1,1
3/27/2022,CND,Q3,N,infection-induced,27.73,24.91,30.56,971,CBS,0,1,1
3/27/2022,CND,Q4,N,infection-induced,33.46,30.29,36.62,864,CBS,0,1,1
3/27/2022,CND,Q5 (most deprived),N,infection-induced,35.89,31.69,40.1,479,CBS,0,1,1
3/27/2022,CND,racialized,N,infection-induced,37.79,35.33,40.25,1496,CBS,0,1,1
3/27/2022,CND,white,N,infection-induced,26.85,25.52,28.18,4434,CBS,0,1,1
4/4/2022,CND,Q1 (least deprived),N,infection-induced,28.85,26.6,31.1,1612,CBS,0,1,1
4/4/2022,CND,Q2,N,infection-induced,30.89,28.41,33.38,1365,CBS,0,1,1
4/4/2022,CND,Q3,N,infection-induced,32.45,29.78,35.12,1208,CBS,0,1,1
4/4/2022,CND,Q4,N,infection-induced,33.58,30.52,36.65,883,CBS,0,1,1
4/4/2022,CND,Q5 (most deprived),N,infection-induced,42.09,38.27,45.91,611,CBS,0,1,1
4/4/2022,CND,racialized,N,infection-induced,36.94,34.58,39.3,1612,CBS,0,1,1
4/4/2022,CND,white,N,infection-induced,31.03,29.71,32.36,4821,CBS,0,1,1
4/11/2022,CND,Q1 (least deprived),N,infection-induced,32.9,30.8,34.99,2010,CBS,0,1,1
4/11/2022,CND,Q2,N,infection-induced,25.6,33.32,37.88,1758,CBS,0,1,1
4/11/2022,CND,Q3,N,infection-induced,33.99,31.57,36.41,1495,CBS,0,1,1
4/11/2022,CND,Q4,N,infection-induced,35.86,33.1,38.63,1112,CBS,0,1,1
4/11/2022,CND,Q5 (most deprived),N,infection-induced,40.33,36.55,44.1,594,CBS,0,1,1
4/11/2022,CND,racialized,N,infection-induced,41.7,39.51,43.88,1953,CBS,0,1,1
4/11/2022,CND,white,N,infection-induced,33.32,32.11,34.53,5955,CBS,0,1,1
4/15/2022,CND,Q1 (least deprived),N,infection-induced,33.69,32.6,34.78,7499,CBS,0,1,1
4/15/2022,CND,Q1 (least deprived),S,induced by either,100,100,100,7499,CBS,0,1,1
4/15/2022,CND,Q2,N,infection-induced,35.86,34.67,37.05,6521,CBS,0,1,1
4/15/2022,CND,Q2,S,induced by either,99.72,99.42,100,6520,CBS,0,1,1
4/15/2022,CND,Q3,N,infection-induced,36.11,34.84,37.39,5534,CBS,0,1,1
4/15/2022,CND,Q3,S,induced by either,99.76,99.45,100,5534,CBS,0,1,1
4/15/2022,CND,Q4,N,infection-induced,37.25,35.81,38.69,4205,CBS,0,1,1
4/15/2022,CND,Q4,S,induced by either,99.34,98.94,99.74,4205,CBS,0,1,1
4/15/2022,CND,Q5 (most deprived),N,infection-induced,43.82,41.95,45.69,2510,CBS,0,1,1
4/15/2022,CND,Q5 (most deprived),S,induced by either,99.96,98.4,99.52,2510,CBS,0,1,1
4/15/2022,CND,racialized,N,infection-induced,45.06,43.77,43.34,7452,CBS,0,1,1
4/15/2022,CND,racialized,S,induced by either,100,100,100,7452,CBS,0,1,1
4/15/2022,CND,white,N,infection-induced,34.78,34.15,35.42,22335,CBS,0,1,1
4/15/2022,CND,white,S,induced by either,99.68,99.52,99.85,22334,CBS,0,1,1
4/15/2022,CND,Q1 (least deprived),"S, no N",vaccine-induced,66.31,66.31,66.31,7499,CBS,0,1,1
4/15/2022,CND,Q2,"S, no N",vaccine-induced,63.86,63.56,64.14,6521,CBS,0,1,1
4/15/2022,CND,Q3,"S, no N",vaccine-induced,63.65,63.34,63.89,5534,CBS,0,1,1
4/15/2022,CND,Q4,"S, no N",vaccine-induced,62.09,61.69,62.49,4205,CBS,0,1,1
4/15/2022,CND,Q5 (most deprived),"S, no N",vaccine-induced,56.14,54.58,55.7,2510,CBS,0,1,1
4/15/2022,CND,racialized,"S, no N",vaccine-induced,54.94,54.94,54.94,7094,CBS,0,1,1
4/15/2022,CND,white,"S, no N",vaccine-induced,64.9,64.74,65.07,21522,CBS,0,1,1
4/20/2022,CND,Q1 (least deprived),N,infection-induced,34.57,32.51,36.62,2143,CBS,0,1,1
4/20/2022,CND,Q2,N,infection-induced,36.01,33.87,38.15,2009,CBS,0,1,1
4/20/2022,CND,Q3,N,infection-induced,37.23,34.9,39.56,1642,CBS,0,1,1
4/20/2022,CND,Q4,N,infection-induced,38.48,35.86,41.1,1272,CBS,0,1,1
4/20/2022,CND,Q5 (most deprived),N,infection-induced,43.36,42.96,49.77,786,CBS,0,1,1
4/20/2022,CND,racialized,N,infection-induced,43.2,41.16,45.23,2277,CBS,0,1,1
4/20/2022,CND,white,N,infection-induced,35.63,34.46,36.8,6635,CBS,0,1,1
4/27/2022,CND,Q1 (least deprived),N,infection-induced,37.16,34.94,39.38,1951,CBS,0,1,1
4/27/2022,CND,Q2,N,infection-induced,40.04,37.58,42.5,1561,CBS,0,1,1
4/27/2022,CND,Q3,N,infection-induced,39.53,36.86,42.19,1292,CBS,0,1,1
4/27/2022,CND,Q4,N,infection-induced,40.19,37.19,43.19,1014,CBS,0,1,1
4/27/2022,CND,Q5 (most deprived),N,infection-induced,45.94,42.04,49.84,556,CBS,0,1,1
4/27/2022,CND,racialized,N,infection-induced,44.04,41.69,46.38,1724,CBS,0,1,1
4/27/2022,CND,white,N,infection-induced,38.61,37.3,39.92,5474,CBS,0,1,1
5/4/2022,CND,racialized,N,infection-induced,47.62,45.38,49.85,1925,CBS,0,1,1
5/4/2022,CND,white,N,infection-induced,40.95,39.69,42.21,6034,CBS,0,1,1
5/11/2022,CND,racialized,N,infection-induced,54.95,52.47,57.43,2009,CBS,0,1,1
5/11/2022,CND,white,N,infection-induced,43.89,42.6,45.17,5990,CBS,0,1,1
5/15/2022,CND,Q1 (least deprived),N,infection-induced,43.54,42.43,44.66,7769,CBS,0,1,1
5/15/2022,CND,Q2,N,infection-induced,46.21,45.02,47.41,6898,CBS,0,1,1
5/15/2022,CND,Q3,N,infection-induced,46.66,45.36,47.96,5788,CBS,0,1,1
5/15/2022,CND,Q4,N,infection-induced,46.48,45.05,47.9,4651,CBS,0,1,1
5/15/2022,CND,Q5 (most deprived),N,infection-induced,49.06,47.28,50.84,2861,CBS,0,1,1
5/15/2022,CND,racialized,N,infection-induced,54.35,53.12,55.58,8066,CBS,0,1,1
5/15/2022,CND,white,N,infection-induced,44.31,43.67,44.95,23698,CBS,0,1,1
5/15/2022,CND,Q1 (least deprived),S,induced by either,100,100,100,7769,CBS,0,1,1
5/15/2022,CND,Q2,S,induced by either,100,99.87,100,6898,CBS,0,1,1
5/15/2022,CND,Q3,S,induced by either,100,99.9,100,5788,CBS,0,1,1
5/15/2022,CND,Q4,S,induced by either,99.91,99.58,100,4651,CBS,0,1,1
5/15/2022,CND,Q5 (most deprived),S,induced by either,99.88,99.47,100,2861,CBS,0,1,1
5/15/2022,CND,racialized,S,induced by either,100,100,100,8066,CBS,0,1,1
5/15/2022,CND,white,S,induced by either,100,100,100,23698,CBS,0,1,1
5/15/2022,CND,Q1 (least deprived),"S, no N",vaccine-induced,56.46,56.46,56.46,7769,CBS,0,1,1
5/15/2022,CND,Q2,"S, no N",vaccine-induced,53.79,53.66,53.79,6898,CBS,0,1,1
5/15/2022,CND,Q3,"S, no N",vaccine-induced,53.34,53.24,53.34,5788,CBS,0,1,1
5/15/2022,CND,Q4,"S, no N",vaccine-induced,53.43,53.1,53.52,4651,CBS,0,1,1
5/15/2022,CND,Q5 (most deprived),"S, no N",vaccine-induced,50.82,50.41,50.94,2861,CBS,0,1,1
5/15/2022,CND,racialized,"S, no N",vaccine-induced,45.65,45.65,45.65,8066,CBS,0,1,1
5/15/2022,CND,white,"S, no N",vaccine-induced,55.69,55.69,55.69,23698,CBS,0,1,1
5/20/2022,CND,racialized,N,infection-induced,52.66,50.55,54.78,2137,CBS,0,1,1
5/20/2022,CND,white,N,infection-induced,44.9,43.65,46.15,6169,CBS,0,1,1
5/28/2022,CND,racialized,N,infection-induced,54.15,52.01,56.3,2078,CBS,0,1,1
5/28/2022,CND,white,N,infection-induced,47.04,45.76,48.33,6078,CBS,0,1,1
6/4/2022,CND,racialized,N,infection-induced,52.98858,0,0,1807,CBS,0,1,1
6/4/2022,CND,white,N,infection-induced,49.55,48.21,50.89,5659,CBS,0,1,1
6/11/2022,CND,racialized,N,infection-induced,54.90043,0,0,2233,CBS,0,1,1
6/11/2022,CND,white,N,infection-induced,49.6,48.4,50.81,6799,CBS,0,1,1
6/15/2022,CND,Q1 (least deprived),N,infection-induced,48.53,47.42,49.64,8219,CBS,0,1,1
6/15/2022,CND,Q2,N,infection-induced,49.46,48.26,50.66,6919,CBS,0,1,1
6/15/2022,CND,Q3,N,infection-induced,49.72,48.43,51,5957,CBS,0,1,1
6/15/2022,CND,Q4,N,infection-induced,51.95,50.51,53.4,4446,CBS,0,1,1
6/15/2022,CND,Q5 (most deprived),N,infection-induced,54.62,52.77,56.48,2545,CBS,0,1,1
6/15/2022,CND,racialized,N,infection-induced,58.03,56.79,59.27,7800,CBS,0,1,1
6/15/2022,CND,white,N,infection-induced,49.01,48.38,49.65,24321,CBS,0,1,1
6/15/2022,CND,Q1 (least deprived),S,induced by either,100,100,100,8219,CBS,0,1,1
6/15/2022,CND,Q2,S,induced by either,100,99.98,100,6919,CBS,0,1,1
6/15/2022,CND,Q3,S,induced by either,100,99.85,100,5957,CBS,0,1,1
6/15/2022,CND,Q4,S,induced by either,99.97,99.65,100,4446,CBS,0,1,1
6/15/2022,CND,Q5 (most deprived),S,induced by either,100,99.66,100,2545,CBS,0,1,1
6/15/2022,CND,racialized,S,induced by either,100,100,100,7800,CBS,0,1,1
6/15/2022,CND,white,S,induced by either,100,100,100,24321,CBS,0,1,1
6/15/2022,CND,Q1 (least deprived),"S, no N",vaccine-induced,51.47,51.47,51.47,8219,CBS,0,1,1
6/15/2022,CND,Q2,"S, no N",vaccine-induced,50.54,50.52,50.54,6919,CBS,0,1,1
6/15/2022,CND,Q3,"S, no N",vaccine-induced,50.28,50.13,50.28,5957,CBS,0,1,1
6/15/2022,CND,Q4,"S, no N",vaccine-induced,48.02,47.7,48.05,4446,CBS,0,1,1
6/15/2022,CND,Q5 (most deprived),"S, no N",vaccine-induced,45.38,45.04,45.38,2545,CBS,0,1,1
6/15/2022,CND,racialized,"S, no N",vaccine-induced,41.97,41.97,41.97,7800,CBS,0,1,1
6/15/2022,CND,white,"S, no N",vaccine-induced,50.99,50.99,50.99,24321,CBS,0,1,1
6/20/2022,CND,racialized,N,infection-induced,57.0138,NA,NA,2152,CBS,0,1,1
6/20/2022,CND,white,N,infection-induced,47.99,46.83,49.16,7321,CBS,0,1,1
6/27/2022,CND,racialized,N,infection-induced,56.05662,NA,NA,1712,CBS,0,1,1
6/27/2022,CND,white,N,infection-induced,48.77,47.77,50.14,5311,CBS,0,1,1
7/15/2022,CND,Q1 (least deprived),N,infection-induced,53.34,52.22,54.45,1951,CBS,0,1,1
7/15/2022,CND,Q2,N,infection-induced,54.65,53.45,55.86,1561,CBS,0,1,1
7/15/2022,CND,Q3,N,infection-induced,51.93,50.63,53.23,1292,CBS,0,1,1
7/15/2022,CND,Q4,N,infection-induced,52.37,50.92,53.83,1014,CBS,0,1,1
7/15/2022,CND,Q5 (most deprived),N,infection-induced,57.88,56.03,59.73,556,CBS,0,1,1
7/15/2022,CND,racialized,N,infection-induced,62.27,61.03,63.51,7557,CBS,0,1,1
7/15/2022,CND,white,N,infection-induced,52.01,51.37,52.66,23718,CBS,0,1,1
7/15/2022,CND,Q1 (least deprived),S,induced by either,100,100,100,1951,CBS,0,1,1
7/15/2022,CND,Q2,S,induced by either,100,100,100,1561,CBS,0,1,1
7/15/2022,CND,Q3,S,induced by either,100,99.95,100,1292,CBS,0,1,1
7/15/2022,CND,Q4,S,induced by either,100,99.73,100,1014,CBS,0,1,1
7/15/2022,CND,Q5 (most deprived),S,induced by either,99.95,99.53,100,556,CBS,0,1,1
7/15/2022,CND,racialized,S,induced by either,100,100,100,7557,CBS,0,1,1
7/15/2022,CND,white,S,induced by either,100,100,100,23718,CBS,0,1,1
7/15/2022,CND,Q1 (least deprived),"S, no N",vaccine-induced,46.66,46.66,46.66,1951,CBS,0,1,1
7/15/2022,CND,Q2,"S, no N",vaccine-induced,45.35,45.35,45.35,1561,CBS,0,1,1
7/15/2022,CND,Q3,"S, no N",vaccine-induced,48.07,48.02,48.07,1292,CBS,0,1,1
7/15/2022,CND,Q4,"S, no N",vaccine-induced,47.63,47.36,47.63,1014,CBS,0,1,1
7/15/2022,CND,Q5 (most deprived),"S, no N",vaccine-induced,42.07,41.65,42.12,556,CBS,0,1,1
7/15/2022,CND,racialized,"S, no N",vaccine-induced,37.73,37.73,37.73,7557,CBS,0,1,1
7/15/2022,CND,white,"S, no N",vaccine-induced,47.99,47.99,47.99,23718,CBS,0,1,1
8/15/2022,CND,Q1 (least deprived),N,infection-induced,56.94,55.89,57.99,9197,CBS,0,1,1
8/15/2022,CND,Q2,N,infection-induced,58.09,56.97,59.21,7733,CBS,0,1,1
8/15/2022,CND,Q3,N,infection-induced,57.7,56.48,58.93,6287,CBS,0,1,1
8/15/2022,CND,Q4,N,infection-induced,59.05,57.7,60.4,4865,CBS,0,1,1
8/15/2022,CND,Q5 (most deprived),N,infection-induced,61.96,60.25,63.67,2801,CBS,0,1,1
8/15/2022,CND,racialized,N,infection-induced,67.48,61.03,63.51,8268,CBS,0,1,1
8/15/2022,CND,white,N,infection-induced,56.63,51.37,52.66,26853,CBS,0,1,1
8/15/2022,CND,Q1 (least deprived),S,induced by either,100,100,100,9197,CBS,0,1,1
8/15/2022,CND,Q2,S,induced by either,100,100,100,7733,CBS,0,1,1
8/15/2022,CND,Q3,S,induced by either,100,100,100,6287,CBS,0,1,1
8/15/2022,CND,Q4,S,induced by either,100,100,100,4865,CBS,0,1,1
8/15/2022,CND,Q5 (most deprived),S,induced by either,100,99.72,100,2801,CBS,0,1,1
8/15/2022,CND,racialized,S,induced by either,100,100,100,8268,CBS,0,1,1
8/15/2022,CND,white,S,induced by either,100,100,100,26853,CBS,0,1,1
8/15/2022,CND,Q1 (least deprived),"S, no N",vaccine-induced,43.06,43.06,43.06,9197,CBS,0,1,1
8/15/2022,CND,Q2,"S, no N",vaccine-induced,41.91,41.91,41.91,7733,CBS,0,1,1
8/15/2022,CND,Q3,"S, no N",vaccine-induced,42.3,42.3,42.3,6287,CBS,0,1,1
8/15/2022,CND,Q4,"S, no N",vaccine-induced,40.95,40.95,40.95,4865,CBS,0,1,1
8/15/2022,CND,Q5 (most deprived),"S, no N",vaccine-induced,38.04,37.76,38.04,2801,CBS,0,1,1
8/15/2022,CND,racialized,"S, no N",vaccine-induced,32.52,32.52,32.52,8268,CBS,0,1,1
8/15/2022,CND,white,"S, no N",vaccine-induced,43.37,43.37,43.37,26853,CBS,0,1,1
8/11/2022,CND,Q1 (least deprived),N,infection-induced,56.94,54.94,58.95,2484,CBS,0,1,1
8/11/2022,CND,Q2,N,infection-induced,56.63,54.46,58.81,2028,CBS,0,1,1
8/11/2022,CND,Q3,N,infection-induced,57.14,54.81,59.47,1707,CBS,0,1,1
8/11/2022,CND,Q4,N,infection-induced,60.05,57.49,62.61,1334,CBS,0,1,1
8/11/2022,CND,Q5 (most deprived),N,infection-induced,62.33,59.26,65.4,840,CBS,0,1,1
8/11/2022,CND,racialized,N,infection-induced,65.30308,NA,NA,2198,CBS,0,1,1
8/11/2022,CND,white,N,infection-induced,55.95,54.81,57.1,7377,CBS,0,1,1
8/4/2022,CND,Q1 (least deprived),N,infection-induced,54.89,52.53,57.25,1829,CBS,0,1,1
8/4/2022,CND,Q2,N,infection-induced,56.99,54.57,59.41,1679,CBS,0,1,1
8/4/2022,CND,Q3,N,infection-induced,57.35,54.64,60.07,1303,CBS,0,1,1
8/4/2022,CND,Q4,N,infection-induced,55.73,52.73,58.74,1019,CBS,0,1,1
8/4/2022,CND,Q5 (most deprived),N,infection-induced,60.35,56.49,64.21,577,CBS,0,1,1
8/4/2022,CND,racialized,N,infection-induced,61.77031,NA,NA,1812,CBS,0,1,1
8/4/2022,CND,white,N,infection-induced,54.99,53.63,56.34,5414,CBS,0,1,1
8/20/2022,CND,Q1 (least deprived),N,infection-induced,58.44,56.45,60.43,2562,CBS,0,1,1
8/20/2022,CND,Q2,N,infection-induced,57.54,55.4,59.68,2130,CBS,0,1,1
8/20/2022,CND,Q3,N,infection-induced,56.06,53.66,58.45,1668,CBS,0,1,1
8/20/2022,CND,Q4,N,infection-induced,58.85,56.2,61.49,1251,CBS,0,1,1
8/20/2022,CND,Q5 (most deprived),N,infection-induced,62.08,58.69,56.47,682,CBS,0,1,1
8/20/2022,CND,racialized,N,infection-induced,63.97133,NA,NA,2113,CBS,0,1,1
8/20/2022,CND,white,N,infection-induced,56.87,55.72,58.02,7366,CBS,0,1,1
8/27/2022,CND,Q1 (least deprived),N,infection-induced,56.35,54.34,58.36,2584,CBS,0,1,1
8/27/2022,CND,Q2,N,infection-induced,61.04,58.89,63.18,2095,CBS,0,1,1
8/27/2022,CND,Q3,N,infection-induced,59.25,56.95,61.55,1742,CBS,0,1,1
8/27/2022,CND,Q4,N,infection-induced,61.05,58.55,65.56,1379,CBS,0,1,1
8/27/2022,CND,Q5 (most deprived),N,infection-induced,62.76,59.45,66.07,751,CBS,0,1,1
8/27/2022,CND,racialized,N,infection-induced,64.25493,NA,NA,2241,CBS,0,1,1
8/27/2022,CND,white,N,infection-induced,56.87,55.72,58.02,7366,CBS,0,1,1
7/4/2022,CND,Q1 (least deprived),N,infection-induced,50.65,48.36,52.93,1857,CBS,0,1,1
7/4/2022,CND,Q2,N,infection-induced,53.06,50.7,55.43,1763,CBS,0,1,1
7/4/2022,CND,Q3,N,infection-induced,50.89,48.38,53.39,1570,CBS,0,1,1
7/4/2022,CND,Q4,N,infection-induced,49.79,47,52.57,1252,CBS,0,1,1
7/4/2022,CND,Q5 (most deprived),N,infection-induced,56.78,53.12,60.43,679,CBS,0,1,1
7/4/2022,CND,racialized,N,infection-induced,57.68303,NA,NA,1950,CBS,0,1,1
7/4/2022,CND,white,N,infection-induced,50.43,49.14,51.72,6092,CBS,0,1,1
7/12/2022,CND,Q1 (least deprived),N,infection-induced,53.44,51.31,55.57,2175,CBS,0,1,1
7/12/2022,CND,Q2,N,infection-induced,55.18,52.85,57.51,1819,CBS,0,1,1
7/12/2022,CND,Q3,N,infection-induced,49.94,47.45,52.43,1600,CBS,0,1,1
7/12/2022,CND,Q4,N,infection-induced,50.78,47.83,53.74,1077,CBS,0,1,1
7/12/2022,CND,Q5 (most deprived),N,infection-induced,56.18,52.72,59.63,753,CBS,0,1,1
7/12/2022,CND,racialized,N,infection-induced,57.41018,NA,NA,1987,CBS,0,1,1
7/12/2022,CND,white,N,infection-induced,51.08,49.14,51.72,6466,CBS,0,1,1
7/20/2022,CND,Q1 (least deprived),N,infection-induced,54.19,52.1,56.69,2248,CBS,0,1,1
7/20/2022,CND,Q2,N,infection-induced,54.09,51.8,56.38,1886,CBS,0,1,1
7/20/2022,CND,Q3,N,infection-induced,52.75,50.26,55.24,1582,CBS,0,1,1
7/20/2022,CND,Q4,N,infection-induced,53.62,50.84,56.41,1233,CBS,0,1,1
7/20/2022,CND,Q5 (most deprived),N,infection-induced,58.97,55.18,62.75,624,CBS,0,1,1
7/20/2022,CND,racialized,N,infection-induced,61.03096,NA,NA,1993,CBS,0,1,1
7/20/2022,CND,white,N,infection-induced,52.67,51.44,53.9,6588,CBS,0,1,1
7/28/2022,CND,Q1 (least deprived),N,infection-induced,54.19,52.1,56.69,2248,CBS,0,1,1
7/28/2022,CND,Q2,N,infection-induced,54.09,51.8,56.38,1886,CBS,0,1,1
7/28/2022,CND,Q3,N,infection-induced,52.75,50.26,55.24,1582,CBS,0,1,1
7/28/2022,CND,Q4,N,infection-induced,53.62,50.84,56.41,1233,CBS,0,1,1
7/28/2022,CND,Q5 (most deprived),N,infection-induced,58.97,55.18,62.75,624,CBS,0,1,1
7/28/2022,CND,racialized,N,infection-induced,63.35279,NA,NA,1734,CBS,0,1,1
7/28/2022,CND,white,N,infection-induced,54.09,52.73,55.44,5289,CBS,0,1,1
9/15/2022,CND,Q1 (least deprived),N,infection-induced,63.02,61.95,64.1,7895,CBS,0,1,1
9/15/2022,CND,Q2,N,infection-induced,62.49,61.32,63.66,6816,CBS,0,1,1
9/15/2022,CND,Q3,N,infection-induced,62.42,61.61,63.68,5819,CBS,0,1,1
9/15/2022,CND,Q4,N,infection-induced,63.56,62.16,64.95,4526,CBS,0,1,1
9/15/2022,CND,Q5 (most deprived),N,infection-induced,65.04,63.25,66.83,2571,CBS,0,1,1
9/15/2022,CND,racialized,N,infection-induced,70.14,68.97,71.32,5857,CBS,0,1,1
9/15/2022,CND,white,N,infection-induced,61.76,61.13,62.38,24105,CBS,0,1,1
9/15/2022,CND,Q1 (least deprived),S,induced by either,100,100,100,9197,CBS,0,1,1
9/15/2022,CND,Q2,S,induced by either,100,100,100,7733,CBS,0,1,1
9/15/2022,CND,Q3,S,induced by either,100,100,100,6287,CBS,0,1,1
9/15/2022,CND,Q4,S,induced by either,100,99.88,100,4865,CBS,0,1,1
9/15/2022,CND,Q5 (most deprived),S,induced by either,100,100,100,2801,CBS,0,1,1
9/15/2022,CND,racialized,S,induced by either,100,100,100,5857,CBS,0,1,1
9/15/2022,CND,white,S,induced by either,100,100,100,24105,CBS,0,1,1
9/15/2022,CND,Q1 (least deprived),"S, no N",vaccine-induced,36.98,36.98,36.98,9197,CBS,0,1,1
9/15/2022,CND,Q2,"S, no N",vaccine-induced,37.51,37.51,37.51,7733,CBS,0,1,1
9/15/2022,CND,Q3,"S, no N",vaccine-induced,37.58,37.58,37.58,6287,CBS,0,1,1
9/15/2022,CND,Q4,"S, no N",vaccine-induced,36.44,36.32,36.44,4865,CBS,0,1,1
9/15/2022,CND,Q5 (most deprived),"S, no N",vaccine-induced,34.96,34.96,34.96,2801,CBS,0,1,1
9/15/2022,CND,racialized,"S, no N",vaccine-induced,29.86,29.86,29.86,5857,CBS,0,1,1
9/15/2022,CND,white,"S, no N",vaccine-induced,38.24,38.24,38.24,24105,CBS,0,1,1
9/11/2022,CND,Q1 (least deprived),N,infection-induced,62.27,60.11,64.44,1954,CBS,0,1,1
9/11/2022,CND,Q2,N,infection-induced,63.99,61.61,66.37,1665,CBS,0,1,1
9/11/2022,CND,Q3,N,infection-induced,63.18,60.61,65.76,1374,CBS,0,1,1
9/11/2022,CND,Q4,N,infection-induced,63.8,60.85,66.75,1007,CBS,0,1,1
9/11/2022,CND,Q5 (most deprived),N,infection-induced,64.46,60.8,68.12,589,CBS,0,1,1
9/11/2022,CND,racialized,N,infection-induced,67.8,NA,NA,1660,CBS,0,1,1
9/11/2022,CND,white,N,infection-induced,62.28,61.03,63.53,5932,CBS,0,1,1
9/4/2022,CND,Q1 (least deprived),N,infection-induced,60.5,58.28,62.71,2591,CBS,0,1,1
9/4/2022,CND,Q2,N,infection-induced,60.64,58.19,63.09,2103,CBS,0,1,1
9/4/2022,CND,Q3,N,infection-induced,62.75,60.17,65.32,1752,CBS,0,1,1
9/4/2022,CND,Q4,N,infection-induced,59.43,56.62,62.23,1390,CBS,0,1,1
9/4/2022,CND,Q5 (most deprived),N,infection-induced,61.72,58.07,65.37,759,CBS,0,1,1
9/4/2022,CND,racialized,N,infection-induced,64.3,NA,NA,1851,CBS,0,1,1
9/4/2022,CND,white,N,infection-induced,60.05,58.75,61.34,5737,CBS,0,1,1
9/20/2022,CND,Q1 (least deprived),N,infection-induced,62.22,60.24,64.19,2268,CBS,0,1,1
9/20/2022,CND,Q2,N,infection-induced,61.15,59.92,64.38,1861,CBS,0,1,1
9/20/2022,CND,Q3,N,infection-induced,59.47,57.06,61.88,1591,CBS,0,1,1
9/20/2022,CND,Q4,N,infection-induced,64.7,62.04,67.37,1148,CBS,0,1,1
9/20/2022,CND,Q5 (most deprived),N,infection-induced,67.83,64.45,71.21,661,CBS,0,1,1
9/20/2022,CND,racialized,N,infection-induced,66.7,NA,NA,2050,CBS,0,1,1
9/20/2022,CND,white,N,infection-induced,61.48,60.3,62.65,6576,CBS,0,1,1
9/27/2022,CND,Q1 (least deprived),N,infection-induced,64.68,62.36,67,1681,CBS,0,1,1
9/27/2022,CND,Q2,N,infection-induced,63.58,61.58,66.39,1585,CBS,0,1,1
9/27/2022,CND,Q3,N,infection-induced,66.62,64.11,69.13,1326,CBS,0,1,1
9/27/2022,CND,Q4,N,infection-induced,66.5,63.81,69.19,1156,CBS,0,1,1
9/27/2022,CND,Q5 (most deprived),N,infection-induced,66.08,62.42,69.74,609,CBS,0,1,1
9/27/2022,CND,racialized,N,infection-induced,71.4,NA,NA,1804,CBS,0,1,1
9/27/2022,CND,white,N,infection-induced,63.23,61.94,64.52,5465,CBS,0,1,1
10/4/2022,CND,Q1 (least deprived),N,infection-induced,64.59,62.41,66.76,1822,CBS,0,1,1
10/4/2022,CND,Q2,N,infection-induced,63.77,61.41,66.12,1614,CBS,0,1,1
10/4/2022,CND,Q3,N,infection-induced,66.45,63.95,68.94,1381,CBS,0,1,1
10/4/2022,CND,Q4,N,infection-induced,66.09,63.26,68.91,1056,CBS,0,1,1
10/4/2022,CND,Q5 (most deprived),N,infection-induced,72.21,69.08,75.35,731,CBS,0,1,1
10/4/2022,CND,racialized,N,infection-induced,69.77,,,2482,CBS,0,1,1
10/4/2022,CND,white,N,infection-induced,64.65,63.35,65.95,5073,CBS,0,1,1
10/11/2022,CND,Q1 (least deprived),N,infection-induced,63.86,61.74,65.98,2067,CBS,0,1,1
10/11/2022,CND,Q2,N,infection-induced,65.18,62.91,67.44,1808,CBS,0,1,1
10/11/2022,CND,Q3,N,infection-induced,65.8,63.29,68.31,1427,CBS,0,1,1
10/11/2022,CND,Q4,N,infection-induced,67.46,64.77,70.15,1230,CBS,0,1,1
10/11/2022,CND,Q5 (most deprived),N,infection-induced,70.8,67.4,74.21,678,CBS,0,1,1
10/11/2022,CND,racialized,N,infection-induced,67.63,,,2666,CBS,0,1,1
10/11/2022,CND,white,N,infection-induced,63.86,62.58,65.15,5539,CBS,0,1,1
10/20/2022,CND,Q1 (least deprived),N,infection-induced,67.45,65.26,69.65,1792,CBS,0,1,1
10/20/2022,CND,Q2,N,infection-induced,68.28,65.93,70.63,1570,CBS,0,1,1
10/20/2022,CND,Q3,N,infection-induced,65.18,62.64,67.72,1321,CBS,0,1,1
10/20/2022,CND,Q4,N,infection-induced,68.46,65.75,71.18,1108,CBS,0,1,1
10/20/2022,CND,Q5 (most deprived),N,infection-induced,68.68,65.36,72,685,CBS,0,1,1
10/20/2022,CND,racialized,N,infection-induced,70.21,,,1463,CBS,0,1,1
10/20/2022,CND,white,N,infection-induced,66.04,63.13,67.27,5877,CBS,0,1,1
10/28/2022,CND,Q1 (least deprived),N,infection-induced,67.08,65.17,68.89,2361,CBS,0,1,1
10/28/2022,CND,Q2,N,infection-induced,68.06,65.99,70.14,1996,CBS,0,1,1
10/28/2022,CND,Q3,N,infection-induced,68.65,66.44,70.85,1738,CBS,0,1,1
10/28/2022,CND,Q4,N,infection-induced,67.77,65.18,70.37,1221,CBS,0,1,1
10/28/2022,CND,Q5 (most deprived),N,infection-induced,67.98,64.59,71.37,680,CBS,0,1,1
10/28/2022,CND,racialized,N,infection-induced,74.5,,,1604,CBS,0,1,1
10/28/2022,CND,white,N,infection-induced,66.04,64.82,67.27,5877,CBS,0,1,1
10/15/2022,CND,Q1 (least deprived),N,infection-induced,66.03,64.96,67.09,7820,CBS,0,1,1
10/15/2022,CND,Q2,N,infection-induced,66.59,65.45,67.74,6824,CBS,0,1,1
10/15/2022,CND,Q3,N,infection-induced,66.51,65.28,67.75,5716,CBS,0,1,1
10/15/2022,CND,Q4,N,infection-induced,67.55,66.19,68.91,4502,CBS,0,1,1
10/15/2022,CND,Q5 (most deprived),N,infection-induced,69.6,67.91,71.29,2728,CBS,0,1,1
10/15/2022,CND,racialized,N,infection-induced,75.25,74.14,76.35,6938,CBS,0,1,1
10/15/2022,CND,white,N,infection-induced,65.33,64.73,65.94,24513,CBS,0,1,1
10/15/2022,CND,Q1 (least deprived),S,induced by either,100,100,100,7820,CBS,0,1,1
10/15/2022,CND,Q2,S,induced by either,100,100,100,6824,CBS,0,1,1
10/15/2022,CND,Q3,S,induced by either,100,100,100,5716,CBS,0,1,1
10/15/2022,CND,Q4,S,induced by either,100,99.89,100,4502,CBS,0,1,1
10/15/2022,CND,Q5 (most deprived),S,induced by either,100,99.91,100,2728,CBS,0,1,1
10/15/2022,CND,racialized,S,induced by either,100,100,100,6938,CBS,0,1,1
10/15/2022,CND,white,S,induced by either,100,100,100,24513,CBS,0,1,1
10/15/2022,CND,Q1 (least deprived),"S, no N",vaccine-induced,33.97,33.97,33.97,7895,CBS,0,1,1
10/15/2022,CND,Q2,"S, no N",vaccine-induced,33.41,33.41,33.41,6816,CBS,0,1,1
10/15/2022,CND,Q3,"S, no N",vaccine-induced,33.49,33.49,33.49,5819,CBS,0,1,1
10/15/2022,CND,Q4,"S, no N",vaccine-induced,32.45,32.34,32.45,4526,CBS,0,1,1
10/15/2022,CND,Q5 (most deprived),"S, no N",vaccine-induced,30.4,30.31,30.4,2571,CBS,0,1,1
10/15/2022,CND,racialized,"S, no N",vaccine-induced,24.75,24.75,24.75,5857,CBS,0,1,1
10/15/2022,CND,white,"S, no N",vaccine-induced,34.67,34.67,34.67,24105,CBS,0,1,1
11/15/2022,CND,Q1 (least deprived),N,infection-induced,69.36,68.32,70.4,7948,CBS,0,1,1
11/15/2022,CND,Q2,N,infection-induced,70.27,69.15,71.39,6758,CBS,0,1,1
11/15/2022,CND,Q3,N,infection-induced,69.34,68.11,70.57,5474,CBS,0,1,1
11/15/2022,CND,Q4,N,infection-induced,72.34,71.03,73.65,4427,CBS,0,1,1
11/15/2022,CND,Q5 (most deprived),N,infection-induced,73.13,71.5,74.75,2651,CBS,0,1,1
11/15/2022,CND,racialized,N,infection-induced,78.67,77.65,79.7,6192,CBS,0,1,1
11/15/2022,CND,white,N,infection-induced,68.58,67.99,69.17,24887,CBS,0,1,1
11/15/2022,CND,Q1 (least deprived),S,induced by either,100,100,100,7948,CBS,0,1,1
11/15/2022,CND,Q2,S,induced by either,100,100,100,6758,CBS,0,1,1
11/15/2022,CND,Q3,S,induced by either,100,100,100,5474,CBS,0,1,1
11/15/2022,CND,Q4,S,induced by either,100,100,100,4427,CBS,0,1,1
11/15/2022,CND,Q5 (most deprived),S,induced by either,100,100,100,2651,CBS,0,1,1
11/15/2022,CND,racialized,S,induced by either,100,100,100,6192,CBS,0,1,1
11/15/2022,CND,white,S,induced by either,100,100,100,24888,CBS,0,1,1
11/15/2022,CND,Q1 (least deprived),"S, no N",vaccine-induced,69.36,68.32,70.4,7948,CBS,0,1,1
11/15/2022,CND,Q2,"S, no N",vaccine-induced,70.27,69.15,71.39,6758,CBS,0,1,1
11/15/2022,CND,Q3,"S, no N",vaccine-induced,69.34,68.11,70.57,5474,CBS,0,1,1
11/15/2022,CND,Q4,"S, no N",vaccine-induced,72.34,71.03,73.65,4427,CBS,0,1,1
11/15/2022,CND,Q5 (most deprived),"S, no N",vaccine-induced,73.13,71.5,74.75,2651,CBS,0,1,1
11/15/2022,CND,racialized,"S, no N",vaccine-induced,78.67,77.65,79.7,6192,CBS,0,1,1
11/15/2022,CND,white,"S, no N",vaccine-induced,68.58,67.99,69.17,24887,CBS,0,1,1
12/4/2022,CND,Q1 (least deprived),N,infection-induced,72.16,70.13,74.16,1922,CBS,0,1,1
12/4/2022,CND,Q2,N,infection-induced,70.24,67.84,72.64,1420,CBS,0,1,1
12/4/2022,CND,Q3,N,infection-induced,71.35,68.81,73.9,1237,CBS,0,1,1
12/4/2022,CND,Q4,N,infection-induced,72.43,69.65,75.21,1011,CBS,0,1,1
12/4/2022,CND,Q5 (most deprived),N,infection-induced,71.74,68.1,75.39,596,CBS,0,1,1
12/4/2022,CND,racialized,N,infection-induced,77.72,,,1249,CBS,0,1,1
12/4/2022,CND,white,N,infection-induced,70.87,69.69,72.05,5791,CBS,0,1,1
12/11/2022,CND,Q1 (least deprived),N,infection-induced,73.03,71.28,74.79,2530,CBS,0,1,1
12/11/2022,CND,Q2,N,infection-induced,72.33,70.41,74.25,2155,CBS,0,1,1
12/11/2022,CND,Q3,N,infection-induced,72.77,70.72,74.81,1862,CBS,0,1,1
12/11/2022,CND,Q4,N,infection-induced,71.99,69.54,74.45,1306,CBS,0,1,1
12/11/2022,CND,Q5 (most deprived),N,infection-induced,73.94,71.02,766.86,862,CBS,0,1,1
12/11/2022,CND,racialized,N,infection-induced,82.71,,,1754,CBS,0,1,1
12/11/2022,CND,white,N,infection-induced,71.62,70.63,72.61,8211,CBS,0,1,1
12/15/2022,CND,Q1 (least deprived),N,infection-induced,73.25,72.29,74.21,8671,CBS,0,1,1
12/15/2022,CND,Q2,N,infection-induced,71.81,70.73,72.89,7074,CBS,0,1,1
12/15/2022,CND,Q3,N,infection-induced,73.42,72.28,74.56,5885,CBS,0,1,1
12/15/2022,CND,Q4,N,infection-induced,72.78,71.48,74.08,4333,CBS,0,1,1
12/15/2022,CND,Q5 (most deprived),N,infection-induced,75.36,73.77,76.94,2557,CBS,0,1,1
12/15/2022,CND,racialized,N,infection-induced,79.57,78.56,80.58,6220,CBS,0,1,1
12/15/2022,CND,white,N,infection-induced,71.97,71.41,72.52,26478,CBS,0,1,1
12/15/2022,CND,Q1 (least deprived),S,induced by either,100,100,100,8671,CBS,0,1,1
12/15/2022,CND,Q2,S,induced by either,100,100,100,7074,CBS,0,1,1
12/15/2022,CND,Q3,S,induced by either,100,100,100,5885,CBS,0,1,1
12/15/2022,CND,Q4,S,induced by either,100,100,100,4333,CBS,0,1,1
12/15/2022,CND,Q5 (most deprived),S,induced by either,100,100,100,2557,CBS,0,1,1
12/15/2022,CND,racialized,S,induced by either,100,100,100,6220,CBS,0,1,1
12/15/2022,CND,white,S,induced by either,100,100,100,26478,CBS,0,1,1
12/15/2022,CND,Q1 (least deprived),"S, no N",vaccine-induced,26.75,26.75,26.75,8671,CBS,0,1,1
12/15/2022,CND,Q2,"S, no N",vaccine-induced,28.19,28.19,28.19,7074,CBS,0,1,1
12/15/2022,CND,Q3,"S, no N",vaccine-induced,26.58,26.58,26.58,5885,CBS,0,1,1
12/15/2022,CND,Q4,"S, no N",vaccine-induced,27.22,27.22,27.22,4333,CBS,0,1,1
12/15/2022,CND,Q5 (most deprived),"S, no N",vaccine-induced,24.64,24.64,24.64,2557,CBS,0,1,1
12/15/2022,CND,racialized,"S, no N",vaccine-induced,20.43,20.43,20.43,6220,CBS,0,1,1
12/15/2022,CND,white,"S, no N",vaccine-induced,28.03,28.03,28.03,26478,CBS,0,1,1
12/20/2022,CND,Q1 (least deprived),N,infection-induced,74.44,72.61,76.26,2374,CBS,0,1,1
12/20/2022,CND,Q2,N,infection-induced,71.57,69.49,73.64,1973,CBS,0,1,1
12/20/2022,CND,Q3,N,infection-induced,73.13,70.88,75.39,1504,CBS,0,1,1
12/20/2022,CND,Q4,N,infection-induced,73.62,71.14,76.1,1167,CBS,0,1,1
12/20/2022,CND,Q5 (most deprived),N,infection-induced,76.21,72.83,79.6,546,CBS,0,1,1
12/20/2022,CND,racialized,N,infection-induced,78.35,,,1502,CBS,0,1,1
12/20/2022,CND,white,N,infection-induced,72.78,71.71,73.84,7176,CBS,0,1,1
12/27/2022,CND,Q1 (least deprived),N,infection-induced,74.31,72.37,76.24,2063,CBS,0,1,1
12/27/2022,CND,Q2,N,infection-induced,74.22,72.1,76.34,1894,CBS,0,1,1
12/27/2022,CND,Q3,N,infection-induced,75.1,72.84,77.37,1413,CBS,0,1,1
12/27/2022,CND,Q4,N,infection-induced,73.32,70.53,76.11,929,CBS,0,1,1
12/27/2022,CND,Q5 (most deprived),N,infection-induced,81.6,78.54,84.66,572,CBS,0,1,1
12/27/2022,CND,racialized,N,infection-induced,79.83,,,1742,CBS,0,1,1
12/27/2022,CND,white,N,infection-induced,73.79,72.64,74.93,5924,CBS,0,1,1
1/4/2023,CND,Q1 (least deprived),N,infection-induced,74.29,72.4,76.18,2157,CBS,0,1,1
1/4/2023,CND,Q2,N,infection-induced,75.62,73.61,77.63,1854,CBS,0,1,1
1/4/2023,CND,Q3,N,infection-induced,77.59,75.5,79.69,1575,CBS,0,1,1
1/4/2023,CND,Q4,N,infection-induced,75.46,72.83,78.09,1059,CBS,0,1,1
1/4/2023,CND,Q5 (most deprived),N,infection-induced,76.49,73.25,79.72,653,CBS,0,1,1
1/4/2023,CND,racialized,N,infection-induced,80.24,,,1528,CBS,0,1,1
1/4/2023,CND,white,N,infection-induced,75.26,74.2,76.31,6749,CBS,0,1,1
1/11/2023,CND,Q1 (least deprived),N,infection-induced,74.68,72.84,76.53,2122,CBS,0,1,1
1/11/2023,CND,Q2,N,infection-induced,76.9,74.92,78.89,1761,CBS,0,1,1
1/11/2023,CND,Q3,N,infection-induced,74.54,72.27,76.81,1436,CBS,0,1,1
1/11/2023,CND,Q4,N,infection-induced,75.57,73.01,78.14,1078,CBS,0,1,1
1/11/2023,CND,Q5 (most deprived),N,infection-induced,78.82,75.78,81.87,669,CBS,0,1,1
1/11/2023,CND,racialized,N,infection-induced,84.37,,,1364,CBS,0,1,1
1/11/2023,CND,white,N,infection-induced,74.97,73.91,76.03,6600,CBS,0,1,1
1/20/2023,CND,Q1 (least deprived),N,infection-induced,75.57,73.79,77.36,2305,CBS,0,1,1
1/20/2023,CND,Q2,N,infection-induced,76.74,74.91,78.57,2081,CBS,0,1,1
1/20/2023,CND,Q3,N,infection-induced,74.97,72.88,77.06,1652,CBS,0,1,1
1/20/2023,CND,Q4,N,infection-induced,75.04,72.75,77.33,1266,CBS,0,1,1
1/20/2023,CND,Q5 (most deprived),N,infection-induced,80.36,77.46,83.25,662,CBS,0,1,1
1/20/2023,CND,racialized,N,infection-induced,82.38483,,,1724,CBS,0,1,1
1/20/2023,CND,white,N,infection-induced,74.79,73.79,75.79,7343,CBS,0,1,1
1/27/2023,CND,Q1 (least deprived),N,infection-induced,78.01,76.17,79.86,2064,CBS,0,1,1
1/27/2023,CND,Q2,N,infection-induced,78.91,76.9,80.92,1665,CBS,0,1,1
1/27/2023,CND,Q3,N,infection-induced,74.34,71.97,76.71,1308,CBS,0,1,1
1/27/2023,CND,Q4,N,infection-induced,79.6,77.04,82.15,968,CBS,0,1,1
1/27/2023,CND,Q5 (most deprived),N,infection-induced,80.44,77.16,83.73,505,CBS,0,1,1
1/27/2023,CND,racialized,N,infection-induced,82.59194,,,1489,CBS,0,1,1
1/27/2023,CND,white,N,infection-induced,77.26,76.16,78.35,5942,CBS,0,1,1
2/4/2023,CND,Q1 (least deprived),N,infection-induced,76.8,74.88,78.71,1982,CBS,0,1,1
2/4/2023,CND,Q2,N,infection-induced,78.77,76.81,80.74,1764,CBS,0,1,1
2/4/2023,CND,Q3,N,infection-induced,78.35,76.2,80.5,1487,CBS,0,1,1
2/4/2023,CND,Q4,N,infection-induced,77.33,74.81,79.84,1069,CBS,0,1,1
2/4/2023,CND,Q5 (most deprived),N,infection-induced,80.16,77.29,83.04,691,CBS,0,1,1
2/4/2023,CND,racialized,N,infection-induced,83.09,,,1662,CBS,0,1,1
2/4/2023,CND,white,N,infection-induced,76.99,75.92,78.05,6301,CBS,0,1,1
2/11/2023,CND,Q1 (least deprived),N,infection-induced,76.37,74.46,78.29,1865,CBS,0,1,1
2/11/2023,CND,Q2,N,infection-induced,77.11,75,79.21,1594,CBS,0,1,1
2/11/2023,CND,Q3,N,infection-induced,76.86,74.58,79.14,1364,CBS,0,1,1
2/11/2023,CND,Q4,N,infection-induced,77.66,75.17,80.15,1091,CBS,0,1,1
2/11/2023,CND,Q5 (most deprived),N,infection-induced,78.74,75.62,81.87,641,CBS,0,1,1
2/11/2023,CND,racialized,N,infection-induced,83.63,,,1451,CBS,0,1,1
2/11/2023,CND,white,N,infection-induced,76.99,75.92,78.05,6301,CBS,0,1,1
2/18/2023,CND,Q1 (least deprived),N,infection-induced,76.88,75.01,78.76,2025,CBS,0,1,1
2/18/2023,CND,Q2,N,infection-induced,75.37,73.35,77.4,1807,CBS,0,1,1
2/18/2023,CND,Q3,N,infection-induced,75.62,73.4,77.84,1429,CBS,0,1,1
2/18/2023,CND,Q4,N,infection-induced,78.13,75.74,80.52,1111,CBS,0,1,1
2/18/2023,CND,Q5 (most deprived),N,infection-induced,77.97,74.85,81.09,640,CBS,0,1,1
2/18/2023,CND,racialized,N,infection-induced,80.49,,,1773,CBS,0,1,1
2/18/2023,CND,white,N,infection-induced,75.11,74.02,76.2,6262,CBS,0,1,1
2/25/2023,CND,Q1 (least deprived),N,infection-induced,76.63,74.87,78.39,2272,CBS,0,1,1
2/25/2023,CND,Q2,N,infection-induced,77.11,75.2,79.02,1978,CBS,0,1,1
2/25/2023,CND,Q3,N,infection-induced,76.55,74.51,78.58,1716,CBS,0,1,1
2/25/2023,CND,Q4,N,infection-induced,78.41,76.17,80.66,1291,CBS,0,1,1
2/25/2023,CND,Q5 (most deprived),N,infection-induced,79.33,76.57,82.09,761,CBS,0,1,1
2/25/2023,CND,racialized,N,infection-induced,83.34,,,1762,CBS,0,1,1
2/25/2023,CND,white,N,infection-induced,75.89,74.88,76.9,7243,CBS,0,1,1
3/4/2023,CND,Q1 (least deprived),N,infection-induced,77.01,74.84,79.19,1514,CBS,0,1,1
3/4/2023,CND,Q2,N,infection-induced,77.01,74.51,79.52,1206,CBS,0,1,1
3/4/2023,CND,Q3,N,infection-induced,79.13,76.79,81.48,1171,CBS,0,1,1
3/4/2023,CND,Q4,N,infection-induced,76.64,73.77,79.5,872,CBS,0,1,1
3/4/2023,CND,Q5 (most deprived),N,infection-induced,76.65,72.75,80.54,447,CBS,0,1,1
3/4/2023,CND,racialized,N,infection-induced,84.46,,,1083,CBS,0,1,1
3/4/2023,CND,white,N,infection-induced,76.49,75.26,77.71,4887,CBS,0,1,1
3/11/2023,CND,Q1 (least deprived),N,infection-induced,77.58,75.88,79.27,2360,CBS,0,1,1
3/11/2023,CND,Q2,N,infection-induced,75.06,73.1,77.02,1953,CBS,0,1,1
3/11/2023,CND,Q3,N,infection-induced,80.41,78.45,82.37,1643,CBS,0,1,1
3/11/2023,CND,Q4,N,infection-induced,77.73,75.46,80,1300,CBS,0,1,1
3/11/2023,CND,Q5 (most deprived),N,infection-induced,81.07,78.47,83.67,822,CBS,0,1,1
3/11/2023,CND,racialized,N,infection-induced,83.54,,,1896,CBS,0,1,1
3/11/2023,CND,white,N,infection-induced,76.71,75.73,77.77,7343,CBS,0,1,1
3/18/2023,CND,Q1 (least deprived),N,infection-induced,78.32,76.28,80.35,1680,CBS,0,1,1
3/18/2023,CND,Q2,N,infection-induced,76.91,74.69,79.13,1476,CBS,0,1,1
3/18/2023,CND,Q3,N,infection-induced,77.77,75.39,80.16,1252,CBS,0,1,1
3/18/2023,CND,Q4,N,infection-induced,82.56,80.04,85.08,889,CBS,0,1,1
3/18/2023,CND,Q5 (most deprived),N,infection-induced,81.01,77.67,84.34,510,CBS,0,1,1
3/18/2023,CND,racialized,N,infection-induced,84.19,83.7,84.6,1417,CBS,0,1,1
3/18/2023,CND,white,N,infection-induced,77.89,76.71,79.03,5253,CBS,0,1,1
3/26/2023,CND,Q1 (least deprived),N,infection-induced,77.66,76.07,79.24,2623,CBS,0,1,1
3/26/2023,CND,Q2,N,infection-induced,78.85,77.14,80.57,2154,CBS,0,1,1
3/26/2023,CND,Q3,N,infection-induced,77.94,76.06,79.83,1828,CBS,0,1,1
3/26/2023,CND,Q4,N,infection-induced,78.67,76.6,80.74,1408,CBS,0,1,1
3/26/2023,CND,Q5 (most deprived),N,infection-induced,79.29,76.51,82.08,741,CBS,0,1,1
3/26/2023,CND,racialized,N,infection-induced,83.45,,,1970,CBS,0,1,1
3/26/2023,CND,white,N,infection-induced,77.34,76.43,78.25,8075,CBS,0,1,1
4/4/2023,CND,Q1 (least deprived),N,infection-induced,78.62,76.66,80.57,1852,CBS,0,1,1
4/4/2023,CND,Q2,N,infection-induced,77.11,74.88,79.34,1461,CBS,0,1,1
4/4/2023,CND,Q3,N,infection-induced,78.61,76.39,80.83,1306,CBS,0,1,1
4/4/2023,CND,Q4,N,infection-induced,79.06,76.66,81.47,1071,CBS,0,1,1
4/4/2023,CND,Q5 (most deprived),N,infection-induced,79.98,76.81,83.16,642,CBS,0,1,1
4/4/2023,CND,racialized,N,infection-induced,82.10,,,1557,CBS,0,1,1
4/4/2023,CND,white,N,infection-induced,77.82,76.7,78.93,5682,CBS,0,1,1
4/11/2023,CND,Q1 (least deprived),N,infection-induced,79.19,77.28,81.11,1876,CBS,0,1,1
4/11/2023,CND,Q2,N,infection-induced,78.06,76.01,80.11,1690,CBS,0,1,1
4/11/2023,CND,Q3,N,infection-induced,77.25,75.07,79.42,1392,CBS,0,1,1
4/11/2023,CND,Q4,N,infection-induced,79.56,77,82.13,952,CBS,0,1,1
4/11/2023,CND,Q5 (most deprived),N,infection-induced,78.93,75.64,82.21,616,CBS,0,1,1
4/11/2023,CND,racialized,N,infection-induced,82.71,,,1331,CBS,0,1,1
4/11/2023,CND,white,N,infection-induced,77.31,76.22,78.39,6072,CBS,0,1,1
4/18/2023,CND,Q1 (least deprived),N,infection-induced,77.87,76.04,79.7,2020,CBS,0,1,1
4/18/2023,CND,Q2,N,infection-induced,79.93,78.01,81.85,1786,CBS,0,1,1
4/18/2023,CND,Q3,N,infection-induced,80.05,77.99,82.11,1442,CBS,0,1,1
4/18/2023,CND,Q4,N,infection-induced,80.7,78.39,83,1095,CBS,0,1,1
4/18/2023,CND,Q5 (most deprived),N,infection-induced,81.88,78.94,84.82,644,CBS,0,1,1
4/18/2023,CND,racialized,N,infection-induced,84.25,,,1592,CBS,0,1,1
4/18/2023,CND,white,N,infection-induced,78.64,77.62,79.66,6434,CBS,0,1,1
4/26/2023,CND,Q1 (least deprived),N,infection-induced,80.12,78.46,81.78,2343,CBS,0,1,1
4/26/2023,CND,Q2,N,infection-induced,78.28,76.46,80.11,1965,CBS,0,1,1
4/26/2023,CND,Q3,N,infection-induced,77.62,75.67,79.58,1645,CBS,0,1,1
4/26/2023,CND,Q4,N,infection-induced,80.24,78.15,82.33,1349,CBS,0,1,1
4/26/2023,CND,Q5 (most deprived),N,infection-induced,84.51,82.16,86.87,934,CBS,0,1,1
4/26/2023,CND,racialized,N,infection-induced,83.72,,,1975,CBS,0,1,1
4/26/2023,CND,white,N,infection-induced,78.85,77.91,79.79,7336,CBS,0,1,1
